x_um,curve_1,curve_2,curve_3
-30,0.00620078740157481,NaN,0.00551181102362203
-29.9399399399399,0.00620078740157481,NaN,0.00551181102362203
-29.8798798798799,0.00620078740157481,NaN,0.00551181102362203
-29.8198198198198,0.00620078740157481,NaN,0.00551181102362203
-29.7597597597598,0.00620078740157481,NaN,0.00551181102362203
-29.6996996996997,0.00620078740157481,NaN,0.00551181102362203
-29.6396396396396,0.00620078740157481,NaN,0.00551181102362203
-29.5795795795796,0.00620078740157481,NaN,0.00551181102362203
-29.5195195195195,0.00631389263279029,NaN,0.00551181102362203
-29.4594594594595,0.00667251897566858,NaN,0.00551181102362203
-29.3993993993994,0.00688976377952755,NaN,0.00551181102362203
-29.3393393393393,0.00688976377952755,NaN,0.00551181102362203
-29.2792792792793,0.00688976377952755,0.00421868719112811,0.00551181102362203
-29.2192192192192,0.00688976377952755,0.00439800036256728,0.00551181102362203
-29.1591591591592,0.00688976377952755,0.00457731353400644,0.00551181102362203
-29.0990990990991,0.00688976377952755,0.0047566267054456,0.00551181102362203
-29.039039039039,0.00666355331709663,0.00482283464566929,0.00551181102362203
-28.978978978979,0.00630492697421833,0.00482283464566929,0.00551181102362203
-28.9189189189189,0.00620078740157481,0.00482283464566929,0.00551181102362203
-28.8588588588589,0.00620078740157481,0.00482283464566929,0.00551181102362203
-28.7987987987988,0.00620078740157481,0.00482283464566929,0.00551181102362203
-28.7387387387387,0.00620078740157481,0.00482283464566929,0.00551181102362203
-28.6786786786787,0.00620078740157481,0.00482283464566929,0.00551181102362203
-28.6186186186186,0.00620078740157481,0.00482283464566929,0.00551181102362203
-28.5585585585586,0.00620078740157481,0.00482283464566929,0.00551181102362203
-28.4984984984985,0.00619182174300286,0.00482283464566929,0.00551181102362203
-28.4384384384384,0.00583319540012454,0.00482283464566929,0.00551181102362203
-28.3783783783784,0.00551181102362203,0.00482283464566929,0.00551181102362203
-28.3183183183183,0.00551181102362203,0.00482283464566929,0.00551181102362203
-28.2582582582583,0.00551181102362203,0.0047573163714896,0.00551181102362203
-28.1981981981982,0.00551181102362203,0.00439869002861128,0.00551181102362203
-28.1381381381381,0.00551181102362203,0.00413385826771651,0.00551181102362203
-28.0780780780781,0.00551181102362203,0.00413385826771651,0.00551181102362203
-28.018018018018,0.00551181102362203,0.00413385826771651,0.00563388191340946
-27.957957957958,0.00551181102362203,0.00413385826771651,0.00599250825628778
-27.8978978978979,0.00551181102362203,0.00413385826771651,0.00620078740157481
-27.8378378378378,0.00551181102362203,0.00413385826771651,0.00620078740157481
-27.7777777777778,0.00551181102362203,0.00413385826771651,0.00620078740157481
-27.7177177177177,0.00551181102362203,0.00413385826771651,0.00620078740157481
-27.6576576576577,0.00551181102362203,0.00413385826771651,0.00620078740157481
-27.5975975975976,0.00551181102362203,0.00413385826771651,0.00620078740157481
-27.5375375375375,0.00551181102362203,0.00413385826771651,0.00620078740157481
-27.4774774774775,0.00551181102362203,0.00413385826771651,0.00620078740157481
-27.4174174174174,0.00551181102362203,0.00413385826771651,0.00620078740157481
-27.3573573573574,0.00551181102362203,0.00413385826771651,0.00620078740157481
-27.2972972972973,0.00551181102362203,0.00413385826771651,0.00620078740157481
-27.2372372372372,0.00551181102362203,0.00413385826771651,0.00620078740157481
-27.1771771771772,0.00551181102362203,0.00413385826771651,0.00620078740157481
-27.1171171171171,0.00551181102362203,0.00413385826771651,0.00620078740157481
-27.0570570570571,0.00551181102362203,0.00413385826771651,0.00620078740157481
-26.996996996997,0.00552974234076594,0.00413385826771651,0.00620078740157481
-26.9369369369369,0.00588836868364426,0.00413385826771651,0.00620078740157481
-26.8768768768769,0.00620078740157481,0.00413385826771651,0.00620078740157481
-26.8168168168168,0.00620078740157481,0.00413385826771651,0.00620078740157481
-26.7567567567568,0.00620078740157481,0.00413385826771651,0.00620078740157481
-26.6966966966967,0.00620078740157481,0.00413385826771651,0.00620078740157481
-26.6366366366366,0.00630354764213032,0.00413385826771651,0.00620078740157481
-26.5765765765766,0.00666217398500862,0.00413385826771651,0.00620078740157481
-26.5165165165165,0.00688976377952755,0.00413385826771651,0.00633182394993419
-26.4564564564565,0.00688976377952755,0.00413385826771651,0.00669045029281249
-26.3963963963964,0.00688976377952755,0.00413385826771651,0.00688976377952755
-26.3363363363363,0.00688976377952755,0.00413385826771651,0.00688976377952755
-26.2762762762763,0.00688976377952755,0.00413385826771651,0.00707735294349465
-26.2162162162162,0.00688976377952755,0.00413385826771651,0.00743597928637295
-26.1561561561562,0.00667389830775657,0.00413385826771651,0.00757874015748028
-26.0960960960961,0.00631527196487828,0.00413385826771651,0.00757874015748028
-26.036036036036,0.00620078740157481,0.00413385826771651,0.00757874015748028
-25.975975975976,0.00620078740157481,0.00413385826771651,0.00757874015748028
-25.9159159159159,0.00620078740157481,0.00413385826771651,0.00757874015748028
-25.8558558558559,0.00620078740157481,0.00413385826771651,0.00757874015748028
-25.7957957957958,0.00620078740157481,0.00413385826771651,0.00787943455266287
-25.7357357357357,0.00620078740157481,0.00413385826771651,0.00823806089554119
-25.6756756756757,0.00587181669858837,0.00413385826771651,0.00859668723841949
-25.6156156156156,0.00551319035571002,0.00413385826771651,0.00895531358129781
-25.5555555555556,0.00551181102362203,0.00413385826771651,0.00967118693496645
-25.4954954954955,0.00551181102362203,0.00413385826771651,0.0103884396207231
-25.4354354354354,0.00551181102362203,0.00413385826771651,0.0111056923064797
-25.3753753753754,0.00551181102362203,0.00413385826771651,0.0117677717087166
-25.3153153153153,0.00551181102362203,0.00413385826771651,0.0121263980515949
-25.2552552552553,0.00559526061494565,0.00413385826771651,0.0128188227597677
-25.1951951951952,0.00595388695782398,0.00413385826771651,0.0146119544741593
-25.1351351351351,0.00620078740157481,0.00413385826771651,0.0162933602894233
-25.0750750750751,0.00620078740157481,0.00413385826771651,0.0177278656609366
-25.015015015015,0.00620078740157481,0.00413385826771651,0.0186023622047244
-24.954954954955,0.00620078740157481,0.00413385826771651,0.0186023622047244
-24.8948948948949,0.00620078740157481,0.00413385826771651,0.0192754762636653
-24.8348348348348,0.00620078740157481,0.00413385826771651,0.0207099816351785
-24.7747747747748,0.00620078740157481,0.00413385826771651,0.0217513773616136
-24.7147147147147,0.00620078740157481,0.00413385826771651,0.0224686300473702
-24.6546546546547,0.00620078740157481,0.00413385826771651,0.0231858827331269
-24.5945945945946,0.00620078740157481,0.00413385826771651,0.0239031354188835
-24.5345345345345,0.00620078740157481,0.00413385826771651,0.0248734955427869
-24.4744744744745,0.00620078740157481,0.00413385826771651,0.0259493745714218
-24.4144144144144,0.00620078740157481,0.00413385826771651,0.0270252536000568
-24.3543543543544,0.00620078740157481,0.00413385826771651,0.0281011326286917
-24.2942942942943,0.00620078740157481,0.00413385826771651,0.0285576915498175
-24.2342342342342,0.00620078740157481,0.00413385826771651,0.0289163178926958
-24.1741741741742,0.00620078740157481,0.00413385826771651,0.0296128805971325
-24.1141141141141,0.00620078740157481,0.00413385826771651,0.0303377196093732
-24.0540540540541,0.00620078740157481,0.00413385826771651,0.0314135986380081
-23.993993993994,0.00620078740157481,0.00413385826771651,0.0323818897637795
-23.9339339339339,0.00620078740157481,0.00413385826771651,0.0323818897637795
-23.8738738738739,0.00620078740157481,0.00413385826771651,0.0324460287058712
-23.8138138138138,0.00620078740157481,0.00413385826771651,0.0328046550487496
-23.7537537537538,0.00620078740157481,0.00413385826771651,0.0332556966415235
-23.6936936936937,0.00620078740157481,0.00413385826771651,0.0339729493272801
-23.6336336336336,0.00620078740157481,0.00413385826771651,0.0349315851284355
-23.5735735735736,0.00620078740157481,0.00413385826771651,0.0363660904999488
-23.5135135135135,0.00620078740157481,0.00413385826771651,0.0372047244094488
-23.4534534534535,0.00620078740157481,0.00413385826771651,0.0372047244094488
-23.3933933933934,0.00620078740157481,0.00413385826771651,0.0375592127560632
-23.3333333333333,0.00620078740157481,0.00413385826771651,0.0382764654418198
-23.2732732732733,0.00620078740157481,0.00413385826771651,0.0389937181275764
-23.2132132132132,0.00620078740157481,0.00413385826771651,0.0397109708133331
-23.1531531531532,0.00620078740157481,0.00413385826771651,0.0401944267101748
-23.0930930930931,0.00620078740157481,0.00413385826771651,0.0405530530530531
-23.033033033033,0.00620078740157481,0.00413385826771651,0.0411737524926501
-22.972972972973,0.00620078740157481,0.00413385826771651,0.0418910051784068
-22.9129129129129,0.00620078740157481,0.00413385826771651,0.0423179084596407
-22.8528528528529,0.00620078740157481,0.00413385826771651,0.0426765348025191
-22.7927927927928,0.00620078740157481,0.00413385826771651,0.0427165354330709
-22.7327327327327,0.00620078740157481,0.00413385826771651,0.0427165354330709
-22.6726726726727,0.00620078740157481,0.00413385826771651,0.0427165354330709
-22.6126126126126,0.00620078740157481,0.00413385826771651,0.0427330874181268
-22.5525525525526,0.00620078740157481,0.00413385826771651,0.0430917137610051
-22.4924924924925,0.00615595910871502,0.00413385826771651,0.0434055118110236
-22.4324324324324,0.00579733276583668,0.00413385826771651,0.0434055118110236
-22.3723723723724,0.00551181102362203,0.00413385826771651,0.0434786164116873
-22.3123123123123,0.00551181102362203,0.00413385826771651,0.0438372427545656
-22.2522522522523,0.00551181102362203,0.00413385826771651,0.0441958690974439
-22.1921921921922,0.00551181102362203,0.00413385826771651,0.0445544954403222
-22.1321321321321,0.00551181102362203,0.00413385826771651,0.0447834645669291
-22.0720720720721,0.00551181102362203,0.00413385826771651,0.0447834645669291
-22.012012012012,0.00551181102362203,0.00413385826771651,0.0450993316150796
-21.951951951952,0.00551181102362203,0.00413385826771651,0.0458165843008363
-21.8918918918919,0.00551181102362203,0.00413385826771651,0.0461614173228346
-21.8318318318318,0.00551181102362203,0.00413385826771651,0.0461614173228346
-21.7717717717718,0.00551181102362203,0.00413385826771651,0.0465903896022006
-21.7117117117117,0.00551181102362203,0.00413385826771651,0.0473076422879573
-21.6516516516517,0.0057545734711089,0.00413385826771651,0.0475393700787402
-21.5915915915916,0.00611319981398723,0.00413385826771651,0.0475393700787402
-21.5315315315315,0.00620078740157481,0.00413385826771651,0.0475393700787402
-21.4714714714715,0.00620078740157481,0.00413385826771651,0.0475393700787402
-21.4114114114114,0.00650010246466939,0.00443317333081111,0.0481380002049293
-21.3513513513514,0.0068587288075477,0.00479179967368944,0.048855252890686
-21.2912912912913,0.00688976377952755,0.00482283464566929,0.0492449142055441
-21.2312312312312,0.00688976377952755,0.00482283464566929,0.0496035405484224
-21.1711711711712,0.00688976377952755,0.00482283464566929,0.0506739022487054
-21.1111111111111,0.00686424613589968,0.00482283464566929,0.0516732283464567
-21.0510510510511,0.00650561979302137,0.00482283464566929,0.0516732283464567
-20.990990990991,0.00620078740157481,0.00482283464566929,0.0517808162493202
-20.9309309309309,0.00620078740157481,0.00482283464566929,0.0524980689350768
-20.8708708708709,0.00620078740157481,0.00482283464566929,0.0531332513615978
-20.8108108108108,0.00620078740157481,0.00482283464566929,0.0534918777044761
-20.7507507507508,0.00620078740157481,0.00482283464566929,0.053740157480315
-20.6906906906907,0.00620078740157481,0.00482283464566929,0.053740157480315
-20.6306306306306,0.00606216452673146,0.00482283464566929,0.0538787803551583
-20.5705705705706,0.00570353818385312,0.00482283464566929,0.0542374066980366
-20.5105105105105,0.00551181102362203,0.00498973382831651,0.0544291338582677
-20.4504504504505,0.00551181102362203,0.00534836017119481,0.0544291338582677
-20.3903903903904,0.00551181102362203,0.00551181102362203,0.0544291338582677
-20.3303303303303,0.00551181102362203,0.00551181102362203,0.0544291338582677
-20.2702702702703,0.00551181102362203,0.00573526282187698,0.0548760374547776
-20.2102102102102,0.00551181102362203,0.00609388916475532,0.0555932901405342
-20.1501501501502,0.00551181102362203,0.00620078740157481,0.0565622709323497
-20.0900900900901,0.00551181102362203,0.00620078740157481,0.0576381499609846
-20.03003003003,0.00551181102362203,0.00676079622930015,0.0584340245757569
-19.96996996997,0.00551181102362203,0.00747804891505674,0.0591512772615135
-19.9099099099099,0.00551181102362203,0.00757874015748028,0.0595602492256035
-19.8498498498498,0.00551181102362203,0.00757874015748028,0.0599188755684819
-19.7897897897898,0.00551181102362203,0.00791529718695071,0.0616237300292418
-19.7297297297297,0.00551181102362203,0.00829254451301693,0.0633982407604455
-19.6696696696697,0.00551181102362203,0.00972704988453017,0.0641154934462021
-19.6096096096096,0.00551181102362203,0.0110925886516438,0.0647982628297589
-19.5495495495495,0.00551181102362203,0.0118098413374004,0.0651568891726372
-19.4894894894895,0.00551181102362203,0.012527094023157,0.0656410347355229
-19.4294294294294,0.00551181102362203,0.0132443467089137,0.0667169137641578
-19.3693693693694,0.00551181102362203,0.0139615993946703,0.0679748646284079
-19.3093093093093,0.00551181102362203,0.0146788520804269,0.0697679963427994
-19.2492492492492,0.00551181102362203,0.0153961047661835,0.0715611280571909
-19.1891891891892,0.00551181102362203,0.0161133574519401,0.0733542597715825
-19.1291291291291,0.00536422249020673,0.0165354330708661,0.0747046258857282
-19.0690690690691,0.00500559614732842,0.0165354330708661,0.0754218785714849
-19.009009009009,0.00482283464566929,0.0172388924357429,0.076666725780899
-18.9489489489489,0.00482283464566929,0.0186733978072561,0.0784598574952906
-18.8888888888889,0.00482283464566929,0.0194954797317002,0.0798447069116361
-18.8288288288288,0.00482283464566929,0.0198541060745785,0.080920585940271
-18.7687687687688,0.00482283464566929,0.0204451498742837,0.0819964649689059
-18.7087087087087,0.00482283464566929,0.0211624025600404,0.0830723439975409
-18.6486486486486,0.00508352841030006,0.0216189614811662,0.083887529261545
-18.5885885885886,0.00544215475317835,0.0219775878240445,0.0846047819473016
-18.5285285285285,0.00551181102362203,0.0229141543117921,0.0876337952125353
-18.4684684684685,0.00551181102362203,0.023990033340427,0.0912200586413184
-18.4084084084084,0.00551181102362203,0.0247486659888234,0.092585597408432
-18.3483483483483,0.00551181102362203,0.0254659186745801,0.093661476437067
-18.2882882882883,0.00551181102362203,0.0258376486722943,0.0947373554657019
-18.2282282282282,0.00551181102362203,0.0262417929740765,0.0958284071473048
-18.1681681681682,0.00551181102362203,0.0276762983455897,0.0972629125188181
-18.1081081081081,0.00551181102362203,0.0289804568347875,0.0989146626941903
-18.048048048048,0.00551181102362203,0.0293390831776658,0.102142299780095
-17.987987987988,0.00551181102362203,0.0296259842519685,0.104939585254546
-17.9279279279279,0.00551181102362203,0.0296259842519685,0.106015464283181
-17.8678678678679,0.00551181102362203,0.029725985828348,0.107391348040954
-17.8078078078078,0.00551181102362203,0.0300846121712263,0.109543106098224
-17.7477477477477,0.00551181102362203,0.0303149606299212,0.112207975692228
-17.6876876876877,0.00551181102362203,0.0303149606299212,0.115794239121011
-17.6276276276276,0.00535525683163477,0.0303149606299212,0.118284623205883
-17.5675675675676,0.00499663048875647,0.0303149606299212,0.119360502234518
-17.5075075075075,0.00482283464566929,0.0306846216295035,0.1215453642619
-17.4474474474474,0.00482283464566929,0.0314018743152601,0.124773001347804
-17.3873873873874,0.00482283464566929,0.0316929133858267,0.127574424818519
-17.3273273273273,0.00482283464566929,0.0316929133858267,0.130084809218667
-17.2672672672673,0.00482283464566929,0.0319342965012256,0.133077959849613
-17.2072072072072,0.00482283464566929,0.0322929228441039,0.136305596935518
-17.1471471471471,0.00509249406887201,0.0326515491869822,0.138724255751815
-17.0870870870871,0.00545112041175031,0.0330101755298606,0.140876013809085
-17.027027027027,0.00551181102362203,0.0330708661417323,0.144219514790381
-16.966966966967,0.00551181102362203,0.0330708661417323,0.147805778219164
-16.9069069069069,0.00551181102362203,0.0337232902193532,0.150739617570326
-16.8468468468468,0.00551181102362203,0.0344405429051098,0.153608628313353
-16.7867867867868,0.00586629937023638,0.0344488188976378,0.157541104096222
-16.7267267267267,0.00620078740157481,0.0344970955207176,0.161437717244804
-16.6666666666667,0.00620078740157481,0.0352143482064742,0.164665354330709
-16.6066066066066,0.00630561664026228,0.0359316008922308,0.168207479132676
-16.5465465465465,0.00702286932601889,0.0366488535779874,0.17358687427585
-16.4864864864865,0.00757874015748028,0.0372854153365964,0.178320742001844
-16.4264264264264,0.00757874015748028,0.0376440416794747,0.180831126401993
-16.3663663663664,0.00757874015748028,0.0380026680223531,0.183777379741947
-16.3063063063063,0.00757874015748028,0.0383612943652314,0.187722269513608
-16.2462462462462,0.00785322724299098,0.0387199207081097,0.191529915742514
-16.1861861861862,0.0085704799287476,0.039078547050988,0.195116179171297
-16.1261261261261,0.00928773261450423,0.0392716535433071,0.19886796245064
-16.0660660660661,0.0100049853002609,0.0392716535433071,0.202812852222301
-16.006006006006,0.0103346456692913,0.0392716535433071,0.205788761202147
-15.9459459459459,0.0103346456692913,0.0392716535433071,0.207940519259417
-15.8858858858859,0.0105567181354583,0.0392716535433071,0.211202639647522
-15.8258258258258,0.0109153444783366,0.0392716535433071,0.215147529419183
-15.7657657657658,0.0112739708212149,0.0392716535433071,0.219593116738786
-15.7057057057057,0.0116325971640932,0.0392716535433071,0.224255259196204
-15.6456456456456,0.0119912235069715,0.0392716535433071,0.227524276244749
-15.5855855855856,0.0123498498498499,0.0392716535433071,0.230393286987775
-15.5255255255255,0.0127084761927282,0.0392716535433071,0.232648494951645
-15.4654654654655,0.0130671025356065,0.0392716535433071,0.234800253008914
-15.4054054054054,0.0140960842732496,0.0396068312406895,0.238627899553096
-15.3453453453453,0.0151623079772686,0.0399606299212599,0.24254382335091
-15.2852852852853,0.0155209343201469,0.0399606299212599,0.244336955065301
-15.2252252252252,0.0158464566929134,0.0399606299212599,0.246163190749805
-15.1651651651652,0.0158464566929134,0.0399606299212599,0.248314948807075
-15.1051051051051,0.0161533580824919,0.0400220101991756,0.250466706864345
-15.045045045045,0.0179464897968835,0.0403806365420539,0.252618464921614
-14.984984984985,0.0195603083398359,0.0407392628849322,0.254770222978884
-14.9249249249249,0.0206361873684708,0.0410978892278105,0.256921981036154
-14.8648648648649,0.0214762006100589,0.0413385826771653,0.25860200751933
-14.8048048048048,0.0218348269529372,0.0413385826771653,0.259319260205087
-14.7447447447447,0.0220472440944882,0.0413385826771653,0.260328931293498
-14.6846846846847,0.0220472440944882,0.0413385826771653,0.261763436665011
-14.6246246246246,0.0222217296036194,0.0413385826771653,0.263023456527394
-14.5645645645646,0.0225803559464977,0.0413385826771653,0.264099335556028
-14.5045045045045,0.022938982289376,0.0417441063110354,0.265175214584663
-14.4444444444444,0.0232976086322543,0.042461358996792,0.266251093613298
-14.3843843843844,0.0238872730998715,0.0429475735578098,0.266864896392455
-14.3243243243243,0.0246045257856281,0.0433061999006881,0.267223522735334
-14.2642642642643,0.025062464038842,0.0439241406761092,0.267841463510755
-14.2042042042042,0.0254210903817203,0.0446413933618658,0.268558716196511
-14.1441441441441,0.0260673074649452,0.0450710553072758,0.269275968882268
-14.0840840840841,0.0267845601507019,0.0454296816501541,0.269993221568025
-14.024024024024,0.0275018128364585,0.0454724409448819,0.270394607205631
-13.963963963964,0.0282190655222151,0.0454724409448819,0.270753233548509
-13.9039039039039,0.0285921748520174,0.0458165843008363,0.270767716535433
-13.8438438438438,0.0289508011948956,0.0461890039645945,0.270795303177193
-13.7837837837838,0.029309427537774,0.0469062566503511,0.27151255586295
-13.7237237237237,0.0297101235093361,0.0475393700787402,0.272187738920022
-13.6636636636637,0.0304273761950927,0.0475393700787402,0.272546365262901
-13.6036036036036,0.031003937007874,0.0475393700787402,0.272975337542267
-13.5435435435435,0.031003937007874,0.0475393700787402,0.273692590228023
-13.4834834834835,0.0311025592521655,0.0475393700787402,0.274311220669488
-13.4234234234234,0.0314611855950438,0.0475393700787402,0.274669847012367
-13.3633633633634,0.0318198119379221,0.0477931671829309,0.27490157480315
-13.3033033033033,0.0321784382808004,0.0485104198686876,0.27490157480315
-13.2432432432432,0.0323818897637795,0.0489173228346457,0.275211924522948
-13.1831831831832,0.0323818897637795,0.0489173228346457,0.275929177208705
-13.1231231231231,0.0323818897637795,0.0489173228346457,0.276279527559055
-13.0630630630631,0.0323818897637795,0.0489173228346457,0.276279527559055
-13.003003003003,0.0323818897637795,0.0489173228346457,0.276491255034562
-12.9429429429429,0.0323818897637795,0.0489173228346457,0.27684988137744
-12.8828828828829,0.0326218935470904,0.0491573266179565,0.277208507720319
-12.8228228228228,0.0329805198899687,0.0495159529608348,0.277567134063197
-12.7627627627628,0.0330708661417323,0.0498745793037132,0.277925760406075
-12.7027027027027,0.0330708661417323,0.0502332056465915,0.278284386748954
-12.6426426426426,0.0333674225406509,0.0508883883883884,0.278346456692913
-12.5825825825826,0.0337260488835292,0.051605641074145,0.278346456692913
-12.5225225225225,0.0340846752264075,0.0523228937599016,0.278346456692913
-12.4624624624625,0.0344433015692858,0.0530401464456582,0.278346456692913
-12.4024024024024,0.0348019279121641,0.0530511811023622,0.278346456692913
-12.3423423423423,0.0351605542550425,0.053096699061266,0.278346456692913
-12.2822822822823,0.0355191805979208,0.0538139517470226,0.278346456692913
-12.2222222222222,0.0358267716535433,0.0545312044327792,0.278346456692913
-12.1621621621622,0.0358267716535433,0.0552484571185359,0.278346456692913
-12.1021021021021,0.0358267716535433,0.0558070866141732,0.278346456692913
-12.042042042042,0.0358267716535433,0.0558070866141732,0.278346456692913
-11.981981981982,0.0358267716535433,0.0559146745170367,0.278346456692913
-11.9219219219219,0.0358267716535433,0.0562733008599151,0.278346456692913
-11.8618618618619,0.0360985000748781,0.0567677914134608,0.278346456692913
-11.8018018018018,0.0368157527606347,0.0574850440992174,0.278346456692913
-11.7417417417417,0.0372047244094488,0.0578740157480315,0.278346456692913
-11.6816816816817,0.0372047244094488,0.0578740157480315,0.278346456692913
-11.6216216216216,0.0372047244094488,0.0578740157480315,0.278346456692913
-11.5615615615616,0.0372047244094488,0.0578740157480315,0.278346456692913
-11.5015015015015,0.0376461106776067,0.0580947088821105,0.278346456692913
-11.4414414414414,0.0383633633633634,0.0584533352249888,0.278346456692913
-11.3813813813814,0.0385826771653544,0.0595588698935156,0.278346456692913
-11.3213213213213,0.0385826771653544,0.0609933752650288,0.278346456692913
-11.2612612612613,0.0385826771653544,0.0621506348868554,0.278346456692913
-11.2012012012012,0.0385826771653544,0.0632265139154903,0.278346456692913
-11.1411411411411,0.0385826771653544,0.0639968708866347,0.278346456692913
-11.0810810810811,0.0385826771653544,0.0647141235723913,0.278346456692913
-11.021021021021,0.0385826771653544,0.0660989729887368,0.279014053423502
-10.960960960961,0.0385826771653544,0.0675265816998101,0.279724409448819
-10.9009009009009,0.0385826771653544,0.0682438343855667,0.279724409448819
-10.8408408408408,0.0385826771653544,0.0688976377952756,0.279724409448819
-10.7807807807808,0.0385826771653544,0.0688976377952756,0.279724409448819
-10.7207207207207,0.0385826771653544,0.0690776406327587,0.279784410394647
-10.6606606606607,0.0385826771653544,0.0701535196613936,0.280143036737525
-10.6006006006006,0.0386709544189859,0.0712293986900285,0.280501663080403
-10.5405405405405,0.0390295807618642,0.0723052777186635,0.280860289423282
-10.4804804804805,0.0393882071047425,0.0731480496244275,0.281102362204724
-10.4204204204204,0.0397468334476209,0.0735066759673059,0.281102362204724
-10.3603603603604,0.0399606299212599,0.0741549620486628,0.281102362204724
-10.3003003003003,0.0399606299212599,0.0752308410772978,0.281102362204724
-10.2402402402402,0.0403068422753462,0.0763067201059327,0.281275468381768
-10.1801801801802,0.0410240949611028,0.0773825991345676,0.281634094724646
-10.1201201201201,0.0413385826771653,0.0778543307086614,0.281791338582677
-10.0600600600601,0.0413385826771653,0.0778543307086614,0.281791338582677
-10,0.0413385826771653,0.0785433070866142,0.281791338582677
-9.93993993993994,0.0413385826771653,0.0796191861152491,0.281791338582677
-9.87987987987988,0.0418544528780749,0.080695065143884,0.281791338582677
-9.81981981981982,0.0425717055638315,0.0817709441725189,0.281791338582677
-9.75975975975976,0.0427165354330709,0.0828468232011539,0.281791338582677
-9.6996996996997,0.0427165354330709,0.0839227022297888,0.281791338582677
-9.63963963963964,0.0427165354330709,0.0843696058262988,0.281791338582677
-9.57957957957958,0.0427165354330709,0.084728232169177,0.281791338582677
-9.51951951951952,0.0423737714092045,0.0857723865597881,0.282134102606544
-9.45945945945946,0.0420275590551181,0.086848265588423,0.282492728949422
-9.3993993993994,0.0420275590551181,0.087924144617058,0.2828513552923
-9.33933933933934,0.0420275590551181,0.0890000236456929,0.283169291338583
-9.27927927927928,0.0420275590551181,0.0900759026743278,0.283169291338583
-9.21921921921922,0.0420275590551181,0.0910138484941634,0.283169291338583
-9.15915915915916,0.0420275590551181,0.0913724748370418,0.283169291338583
-9.0990990990991,0.0421248019673217,0.0918283440921236,0.283169291338583
-9.03903903903904,0.0424834283102,0.0925455967778802,0.283169291338583
-8.97897897897898,0.0427165354330709,0.0936394071236591,0.283043772118575
-8.91891891891892,0.0427165354330709,0.0954325388380506,0.282685145775697
-8.85885885885886,0.0428703309608821,0.0966104884411971,0.28248031496063
-8.7987987987988,0.0432289573037604,0.0969691147840754,0.28248031496063
-8.73873873873874,0.0435875836466388,0.0978739566337991,0.28248031496063
-8.67867867867868,0.0439462099895171,0.0993084620053123,0.28248031496063
-8.61861861861862,0.0440944881889764,0.100532619233407,0.28248031496063
-8.55855855855856,0.0440944881889764,0.101608498262042,0.28248031496063
-8.4984984984985,0.0440944881889764,0.102684377290676,0.28248031496063
-8.43843843843844,0.0440944881889764,0.103760256319311,0.28248031496063
-8.37837837837838,0.0440944881889764,0.105369936866,0.28248031496063
-8.31831831831832,0.0440944881889764,0.107163068580391,0.28248031496063
-8.25825825825826,0.044389665255807,0.108070669094291,0.28248031496063
-8.1981981981982,0.0447482915986853,0.108787921780048,0.28248031496063
-8.13813813813814,0.0447834645669291,0.109828627840439,0.28248031496063
-8.07807807807808,0.0447834645669291,0.110904506869074,0.28248031496063
-8.01801801801802,0.0447834645669291,0.111276926532832,0.28248031496063
-7.95795795795796,0.0447834645669291,0.111678312170438,0.282501694607994
-7.8978978978979,0.0447834645669291,0.112754191199073,0.282860320950872
-7.83783783783784,0.0447834645669291,0.113830070227708,0.283169291338583
-7.77777777777778,0.0447834645669291,0.114905949256343,0.283169291338583
-7.71771771771772,0.0447834645669291,0.115825963759035,0.283169291338583
-7.65765765765766,0.0447834645669291,0.116184590101913,0.283169291338583
-7.5975975975976,0.0447834645669291,0.116968050727893,0.283169291338583
-7.53753753753754,0.0447834645669291,0.118761182442285,0.283169291338583
-7.47747747747748,0.0447834645669291,0.120285344399518,0.283034806460003
-7.41741741741742,0.0447834645669291,0.121361223428153,0.282676180117125
-7.35735735735736,0.0447834645669291,0.122599863643171,0.282317553774247
-7.2972972972973,0.0447834645669291,0.124034369014684,0.281958927431368
-7.23723723723724,0.0447834645669291,0.124895761903636,0.281791338582677
-7.17717717717718,0.0447834645669291,0.125254388246514,0.281791338582677
-7.11711711711712,0.0450027783689201,0.126709583599347,0.281791338582677
-7.05705705705706,0.0453614047117984,0.128861341656617,0.281791338582677
-6.996996996997,0.0459676211644716,0.130022739274708,0.282038928692472
-6.93693693693694,0.0466848738502282,0.130739991960464,0.28239755503535
-6.87687687687688,0.0468503937007874,0.131457244646221,0.28248031496063
-6.81681681681682,0.0468503937007874,0.132174497331978,0.28248031496063
-6.75675675675676,0.0468503937007874,0.133500035468539,0.283392743136838
-6.6966966966967,0.0468503937007874,0.134934540840053,0.284468622165473
-6.63663663663664,0.0468503937007874,0.136036627178359,0.284547244094488
-6.57657657657658,0.0468524626989194,0.137112506206994,0.284547244094488
-6.51651651651652,0.0472110890417977,0.138188385235629,0.284547244094488
-6.45645645645646,0.0475393700787402,0.139264264264264,0.284547244094488
-6.3963963963964,0.0475393700787402,0.140340143292899,0.284547244094488
-6.33633633633634,0.0475393700787402,0.141533265549014,0.284547244094488
-6.27627627627628,0.0475393700787402,0.143326397263405,0.284547244094488
-6.21621621621622,0.0476262680002838,0.14494573313471,0.284460346172945
-6.15615615615616,0.0479848943431621,0.146021612163344,0.284101719830066
-6.0960960960961,0.0482283464566929,0.147097491191979,0.283858267716535
-6.03603603603604,0.0482283464566929,0.148173370220614,0.283858267716535
-5.97597597597598,0.0482283464566929,0.149536150323552,0.283858267716535
-5.91591591591592,0.0482283464566929,0.151329282037943,0.283858267716535
-5.85585585585586,0.0482283464566929,0.15295068690738,0.284029994561491
-5.7957957957958,0.0482283464566929,0.154385192278893,0.284388620904369
-5.73573573573574,0.048428349609452,0.155219688192129,0.284547244094488
-5.67567567567568,0.0487869759523303,0.155578314535007,0.284547244094488
-5.61561561561562,0.0489173228346457,0.156621779259575,0.284547244094488
-5.55555555555556,0.0489173228346457,0.158056284631088,0.284547244094488
-5.4954954954955,0.0491738786030125,0.159747345770968,0.284547244094488
-5.43543543543544,0.0495325049458908,0.161540477485359,0.284547244094488
-5.37537537537538,0.0496062992125984,0.163333609199751,0.285401740323
-5.31531531531532,0.0496062992125984,0.165126740914143,0.286477619351635
-5.25525525525526,0.049919407596573,0.165980547476611,0.286614173228346
-5.1951951951952,0.0502780339394513,0.166697800162367,0.286614173228346
-5.13513513513514,0.0502952755905512,0.168439206923459,0.286614173228346
-5.07507507507508,0.0503063102472551,0.17023233863785,0.286614173228346
-5.01501501501502,0.0506649365901334,0.172025470352242,0.286614173228346
-4.95495495495495,0.0509842519685039,0.173739980137618,0.286614173228346
-4.89489489489489,0.0509842519685039,0.174815859166253,0.286614173228346
-4.83483483483483,0.0509842519685039,0.175891738194888,0.286614173228346
-4.77477477477477,0.0509842519685039,0.176967617223523,0.286614173228346
-4.71471471471471,0.0509842519685039,0.178522814152735,0.286614173228346
-4.65465465465465,0.0509842519685039,0.181391824895762,0.286614173228346
-4.59459459459459,0.0509842519685039,0.183640136199191,0.286614173228346
-4.53453453453453,0.0509842519685039,0.184716015227826,0.286614173228346
-4.47447447447447,0.0509842519685039,0.185791894256461,0.286614173228346
-4.41441441441441,0.0509842519685039,0.186867773285096,0.286614173228346
-4.35435435435435,0.0511649444720311,0.187762959810204,0.286614173228346
-4.29429429429429,0.0515235708149094,0.188480212495961,0.286614173228346
-4.23423423423423,0.0518821971577877,0.189406433993048,0.286614173228346
-4.17417417417417,0.052240823500666,0.190482313021683,0.286614173228346
-4.11411411411411,0.0523622047244094,0.191083701812048,0.286614173228346
-4.05405405405405,0.0523622047244094,0.191442328154927,0.286614173228346
-3.99399399399399,0.0523622047244094,0.192066475924744,0.286879694655285
-3.93393393393393,0.0523622047244094,0.1927837286105,0.287238320998164
-3.87387387387387,0.0523622047244094,0.193500981296257,0.287596947341042
-3.81381381381381,0.0523622047244094,0.194218233982014,0.28795557368392
-3.75375375375375,0.0523622047244094,0.194613412625224,0.287992125984252
-3.69369369369369,0.0523622047244094,0.194972038968102,0.287992125984252
-3.63363363363363,0.0527125550747598,0.195681015661331,0.287992125984252
-3.57357357357357,0.053091181732914,0.196438268977639,0.287992125984252
-3.51351351351351,0.0538084344186706,0.197872774349152,0.287992125984252
-3.45345345345345,0.0544291338582677,0.199210726474506,0.288088679230411
-3.39339339339339,0.0544291338582677,0.199927979160263,0.288805931916168
-3.33333333333333,0.054582239720035,0.200568678915136,0.289370078740157
-3.27327327327327,0.0552994924057916,0.200927305258014,0.289370078740157
-3.21321321321321,0.0559119158528607,0.20139076083958,0.289370078740157
-3.15315315315315,0.056270542195739,0.202108013525336,0.289370078740157
-3.09309309309309,0.056496062992126,0.20255905511811,0.289370078740157
-3.03303303303303,0.056496062992126,0.20255905511811,0.289370078740157
-2.97297297297297,0.056496062992126,0.202881818826701,0.289370078740157
-2.91291291291291,0.056496062992126,0.203599071512457,0.289370078740157
-2.85285285285285,0.056496062992126,0.204316324198214,0.289370078740157
-2.79279279279279,0.056496062992126,0.205033576883971,0.289370078740157
-2.73273273273273,0.056496062992126,0.20596876403963,0.289152144270254
-2.67267267267267,0.056496062992126,0.207044643068265,0.288793517927376
-2.61261261261261,0.056496062992126,0.207628100541486,0.288681102362205
-2.55255255255255,0.056496062992126,0.207986726884365,0.288681102362205
-2.49249249249249,0.056496062992126,0.208894327398264,0.288681102362205
-2.43243243243243,0.056496062992126,0.209970206426899,0.288681102362205
-2.37237237237237,0.056496062992126,0.211954375635478,0.288681102362205
-2.31231231231231,0.056496062992126,0.214106133692748,0.288681102362205
-2.25225225225225,0.056496062992126,0.214602693244425,0.289012142063323
-2.19219219219219,0.056496062992126,0.214961319587304,0.289370078740157
-2.13213213213213,0.056496062992126,0.215319945930182,0.289370078740157
-2.07207207207207,0.056496062992126,0.215794436168452,0.289399044714005
-2.01201201201201,0.056496062992126,0.217587567882843,0.289757671056884
-1.95195195195195,0.0565533052737777,0.219151730470628,0.29005905511811
-1.89189189189189,0.056911931616656,0.219510356813506,0.29005905511811
-1.83183183183183,0.0572705579595343,0.219868983156385,0.29005905511811
-1.77177177177177,0.0576291843024127,0.220227609499263,0.29005905511811
-1.71171171171171,0.0578740157480315,0.220586235842141,0.29005905511811
-1.65165165165165,0.0578740157480315,0.22094486218502,0.29005905511811
-1.59159159159159,0.0580160869530949,0.221161417322835,0.29005905511811
-1.53153153153153,0.0583747132959732,0.221161417322835,0.29005905511811
-1.47147147147147,0.0585629921259843,0.221161417322835,0.29005905511811
-1.41141141141141,0.0585629921259843,0.221161417322835,0.29005905511811
-1.35135135135135,0.0585629921259843,0.220962793502164,0.29005905511811
-1.29129129129129,0.0585629921259843,0.220604167159285,0.29005905511811
-1.23123123123123,0.0585629921259843,0.220472440944882,0.290285955246585
-1.17117117117117,0.0585629921259843,0.220472440944882,0.290644581589463
-1.11111111111111,0.0585629921259843,0.220217264508603,0.290748031496063
-1.05105105105105,0.0585629921259843,0.219858638165725,0.290748031496063
-0.990990990990991,0.0585629921259843,0.219783464566929,0.291314936984228
-0.930930930930931,0.0585629921259843,0.219783464566929,0.292032189669985
-0.870870870870871,0.0585629921259843,0.219783464566929,0.292125984251968
-0.810810810810811,0.0585629921259843,0.219783464566929,0.292125984251968
-0.750750750750751,0.0585629921259843,0.22046347528631,0.292125984251968
-0.690690690690691,0.0585629921259843,0.221171072647451,0.292125984251968
-0.630630630630631,0.0585629921259843,0.221529698990329,0.292125984251968
-0.570570570570571,0.0585629921259843,0.221850393700787,0.292125984251968
-0.510510510510511,0.0585629921259843,0.221850393700787,0.292125984251968
-0.45045045045045,0.0584967841857606,0.221982809581235,0.292125984251968
-0.39039039039039,0.0581381578428823,0.222700062266991,0.292125984251968
-0.33033033033033,0.0578740157480315,0.223228346456693,0.292125984251968
-0.27027027027027,0.0578740157480315,0.223228346456693,0.292125984251968
-0.21021021021021,0.0578740157480315,0.223228346456693,0.2922487448078
-0.15015015015015,0.0578740157480315,0.223228346456693,0.292607371150678
-0.0900900900900901,0.0578740157480315,0.223228346456693,0.292814960629921
-0.03003003003003,0.0578740157480315,0.223228346456693,0.292814960629921
0.03003003003003,0.0578740157480315,0.223049033285254,0.292814960629921
0.0900900900900901,0.0578740157480315,0.222690406942375,0.292814960629921
0.15015015015015,0.0578740157480315,0.222331780599497,0.293022550109164
0.21021021021021,0.0578740157480315,0.221973154256619,0.293381176452043
0.27027027027027,0.0578740157480315,0.221850393700787,0.293503937007874
0.33033033033033,0.0578740157480315,0.221850393700787,0.293503937007874
0.39039039039039,0.0570815894634792,0.221586251605937,0.293768079102725
0.45045045045045,0.0560057104348443,0.221227625263058,0.294126705445603
0.510510510510511,0.0558070866141732,0.22086899892018,0.294192913385827
0.570570570570571,0.0558070866141732,0.220510372577302,0.294192913385827
0.630630630630631,0.0554863919037147,0.220472440944882,0.294192913385827
0.690690690690691,0.0551277655608364,0.220472440944882,0.294192913385827
0.750750750750751,0.0551181102362205,0.220472440944882,0.294541884404089
0.810810810810811,0.0551181102362205,0.220472440944882,0.294881889763779
0.870870870870871,0.0551181102362205,0.220472440944882,0.294881889763779
0.930930930930931,0.0551181102362205,0.220472440944882,0.294881889763779
0.990990990990991,0.0551181102362205,0.220472440944882,0.294881889763779
1.05105105105105,0.0551181102362205,0.220472440944882,0.295032236961371
1.11111111111111,0.0551181102362205,0.220472440944882,0.295749489647127
1.17117117117117,0.0551181102362205,0.220472440944882,0.296259842519685
1.23123123123123,0.0551181102362205,0.220472440944882,0.296259842519685
1.29129129129129,0.0551181102362205,0.220208988516075,0.296259842519685
1.35135135135135,0.0551181102362205,0.219491735830319,0.296259842519685
1.41141141141141,0.0551181102362205,0.218934485666769,0.296259842519685
1.47147147147147,0.0551181102362205,0.218575859323891,0.296259842519685
1.53153153153153,0.0549298314062094,0.21784067532099,0.296259842519685
1.59159159159159,0.054571205063331,0.216764796292355,0.296259842519685
1.65165165165165,0.0544291338582677,0.215905472401535,0.296692952795315
1.71171171171171,0.0544291338582677,0.215188219715779,0.297410205481072
1.77177177177177,0.05393947096703,0.214715798475641,0.297637795275591
1.83183183183183,0.0532222182812734,0.214357172132763,0.297637795275591
1.89189189189189,0.0530511811023622,0.213998545789884,0.297637795275591
1.95195195195195,0.0530511811023622,0.213639919447006,0.297637795275591
2.01201201201201,0.0530511811023622,0.212377140920448,0.297336411214364
2.07207207207207,0.0530511811023622,0.210942635548935,0.296977784871486
2.13213213213213,0.0530511811023622,0.210497111284513,0.296948818897638
2.19219219219219,0.0530511811023622,0.210138484941635,0.296948818897638
2.25225225225225,0.0530511811023622,0.209779858598756,0.296948818897638
2.31231231231231,0.0530511811023622,0.209310885688838,0.296921232255878
2.37237237237237,0.0530511811023622,0.207517753974447,0.296562605913
2.43243243243243,0.0530511811023622,0.205892211108747,0.296315705469249
2.49249249249249,0.0530511811023622,0.20517495842299,0.296674331812127
2.55255255255255,0.0530511811023622,0.204541844994601,0.296948818897638
2.61261261261261,0.0530511811023622,0.204183218651723,0.296948818897638
2.67267267267267,0.0529387655371907,0.203712176743673,0.297061234462809
2.73273273273273,0.0525801391943124,0.202994924057916,0.297419860805688
2.79279279279279,0.0522215128514341,0.201996287626209,0.297637795275591
2.85285285285285,0.0518628865085558,0.200561782254696,0.297637795275591
2.91291291291291,0.0516732283464567,0.199803149606299,0.297637795275591
2.97297297297297,0.0516732283464567,0.199803149606299,0.297637795275591
3.03303303303303,0.0516732283464567,0.199014171651967,0.297637795275591
3.09309309309309,0.0516732283464567,0.197579666280454,0.297637795275591
3.15315315315315,0.0514477075500697,0.195694119316167,0.297637795275591
3.21321321321321,0.0510890812071914,0.193542361258897,0.297637795275591
3.27327327327327,0.0507304548643131,0.192151994514199,0.297891592379781
3.33333333333333,0.0503718285214348,0.191076115485564,0.29825021872266
3.39339339339339,0.0502952755905512,0.190846456692913,0.298326771653543
3.45345345345345,0.0502952755905512,0.190846456692913,0.298326771653543
3.51351351351351,0.0493642264311556,0.188674008654324,0.298326771653543
3.57357357357357,0.0482883474025207,0.186163624254176,0.298326771653543
3.63363363363363,0.0482283464566929,0.185007743964437,0.298326771653543
3.69369369369369,0.0482283464566929,0.18394014092833,0.298326771653543
3.75375375375375,0.0482283464566929,0.183222888242573,0.298326771653543
3.81381381381381,0.0481917941563611,0.182395978655821,0.298326771653543
3.87387387387387,0.0478331678134827,0.18060284694143,0.298326771653543
3.93393393393393,0.0475393700787402,0.178874543835174,0.298456428869815
3.99399399399399,0.0475393700787402,0.177440038463661,0.299173681555571
4.05405405405405,0.0476324749946797,0.176191742924026,0.299704724409449
4.11411411411411,0.047991101337558,0.17547449023827,0.299704724409449
4.17417417417417,0.0482283464566929,0.17463585632877,0.299704724409449
4.23423423423423,0.0482283464566929,0.173559977300135,0.299704724409449
4.29429429429429,0.0480786889251456,0.172334440739952,0.299704724409449
4.35435435435435,0.0477200625822673,0.170899935368439,0.299704724409449
4.41441441441441,0.0475393700787402,0.169287496157575,0.2998826582488
4.47447447447447,0.0475393700787402,0.167494364443183,0.300241284591678
4.53453453453453,0.0473331599315851,0.166113653023102,0.300393700787402
4.59459459459459,0.0469745335887068,0.165037773994467,0.300393700787402
4.65465465465465,0.0468503937007874,0.163023949145996,0.300393700787402
4.71471471471471,0.0468503937007874,0.160513564745848,0.300393700787402
4.77477477477477,0.0468503937007874,0.158528705871226,0.300393700787402
4.83483483483483,0.0468503937007874,0.156735574156834,0.300393700787402
4.89489489489489,0.0468503937007874,0.156106598724709,0.300393700787402
4.95495495495495,0.0468503937007874,0.155747972381831,0.300393700787402
5.01501501501502,0.0465310783224169,0.154431399903841,0.300393700787402
5.07507507507508,0.0461724519795386,0.152996894532328,0.300393700787402
5.13513513513514,0.0461614173228346,0.151562389160814,0.300393700787402
5.1951951951952,0.0461614173228346,0.150127883789301,0.300393700787402
5.25525525525526,0.0461614173228346,0.148693378417788,0.300393700787402
5.31531531531532,0.0461614173228346,0.147349908964082,0.300439218746305
5.37537537537538,0.0461614173228346,0.146632656278326,0.300797845089184
5.43543543543544,0.046087623056127,0.145915403592569,0.301082677165354
5.4954954954955,0.0457289967132487,0.145198150906812,0.301082677165354
5.55555555555556,0.0453703703703704,0.144174686497521,0.301082677165354
5.61561561561562,0.045011744027492,0.14238155478313,0.301082677165354
5.67567567567568,0.0447834645669291,0.140718769951053,0.301082677165354
5.73573573573574,0.0447834645669291,0.13928426457954,0.301082677165354
5.7957957957958,0.0447834645669291,0.138008382398146,0.301082677165354
5.85585585585586,0.0447834645669291,0.136932503369511,0.301082677165354
5.91591591591592,0.0447834645669291,0.135109026349184,0.301082677165354
5.97597597597598,0.0447834645669291,0.132598641949036,0.301082677165354
6.03603603603604,0.0447834645669291,0.131164136577522,0.301082677165354
6.0960960960961,0.0447834645669291,0.130446883891766,0.301082677165354
6.15615615615616,0.0445400124533982,0.129242726978947,0.301082677165354
6.21621621621622,0.0441813861105199,0.127808221607434,0.301082677165354
6.27627627627628,0.0435510313463069,0.126101987814586,0.301354405586689
6.33633633633634,0.0428337786605503,0.124308856100195,0.301713031929567
6.3963963963964,0.0427165354330709,0.121915714927526,0.301771653543307
6.45645645645646,0.0427165354330709,0.119405330527378,0.301771653543307
6.51651651651652,0.0427165354330709,0.119192913385827,0.301771653543307
6.57657657657658,0.0427165354330709,0.119192913385827,0.301771653543307
6.63663663663664,0.0423599780883246,0.117410126662095,0.301771653543307
6.6966966966967,0.0420013517454463,0.115643202257375,0.301771653543307
6.75675675675676,0.0416427254025679,0.114208696885862,0.301771653543307
6.81681681681682,0.0413385826771653,0.112828675131825,0.301771653543307
6.87687687687688,0.0413385826771653,0.11175279610319,0.301771653543307
6.93693693693694,0.0413385826771653,0.110842436925114,0.301771653543307
6.996996996997,0.0413385826771653,0.110483810582236,0.301771653543307
7.05705705705706,0.0413385826771653,0.10957000307394,0.301771653543307
7.11711711711712,0.0413385826771653,0.10741824501667,0.301771653543307
7.17717717717718,0.0413385826771653,0.10582373712295,0.301771653543307
7.23723723723724,0.0413385826771653,0.105106484437193,0.301771653543307
7.2972972972973,0.0411709938284742,0.104389231751437,0.301771653543307
7.35735735735736,0.0408123674855958,0.10367197906568,0.301771653543307
7.41741741741742,0.0406496062992126,0.102367130910438,0.301771653543307
7.47747747747748,0.0406496062992126,0.100573999196046,0.301771653543307
7.53753753753754,0.0406496062992126,0.0990050089459538,0.301771653543307
7.5975975975976,0.0406496062992126,0.0975705035744405,0.301771653543307
7.65765765765766,0.0406496062992126,0.0968932515192357,0.301771653543307
7.71771771771772,0.0406496062992126,0.0965346251763574,0.301771653543307
7.77777777777778,0.0406496062992126,0.0950532225138524,0.301771653543307
7.83783783783784,0.0406496062992126,0.0932600907994609,0.301771653543307
7.8978978978979,0.0406496062992126,0.0923938702482009,0.301771653543307
7.95795795795796,0.0406496062992126,0.0916766175624443,0.301771653543307
8.01801801801802,0.0406496062992126,0.0909593648766877,0.301771653543307
8.07807807807808,0.0406496062992126,0.090249008851371,0.301771653543307
8.13813813813814,0.0406496062992126,0.0898903825084927,0.301771653543307
8.1981981981982,0.0406496062992126,0.0893910642926391,0.301771653543307
8.25825825825826,0.0406496062992126,0.0875979325782475,0.301771653543307
8.31831831831832,0.0406496062992126,0.0858682501399037,0.301708204267259
8.37837837837838,0.0406496062992126,0.0844337447683904,0.301349577924381
8.43843843843844,0.0406496062992126,0.0832744161484319,0.301082677165354
8.4984984984985,0.0406496062992126,0.0829157898055536,0.301082677165354
8.55855855855856,0.0406496062992126,0.0825571634626753,0.301082677165354
8.61861861861862,0.0406496062992126,0.082198537119797,0.301082677165354
8.67867867867868,0.040353049900294,0.0812467979790814,0.301082677165354
8.73873873873874,0.0396357972145374,0.07945366626469,0.301082677165354
8.7987987987988,0.0392716535433071,0.078366752579351,0.301082677165354
8.85885885885886,0.0392716535433071,0.0780081262364727,0.301082677165354
8.91891891891892,0.0392716535433071,0.0774446690785274,0.301082677165354
8.97897897897898,0.0392716535433071,0.0767274163927707,0.301082677165354
9.03903903903904,0.0392716535433071,0.0757770565841431,0.301082677165354
9.0990990990991,0.0392716535433071,0.0747011775555082,0.301082677165354
9.15915915915916,0.0392716535433071,0.0736252985268733,0.301082677165354
9.21921921921922,0.0392716535433071,0.0725494194982384,0.301082677165354
9.27927927927928,0.0392716535433071,0.0720528599465607,0.301082677165354
9.33933933933934,0.0392716535433071,0.0716942336036824,0.301082677165354
9.3993993993994,0.0389537174970246,0.0713356072608041,0.301082677165354
9.45945945945946,0.0385950911541463,0.0709769809179258,0.301082677165354
9.51951951951952,0.0378902524571816,0.0699259298668747,0.301082677165354
9.57957957957958,0.0372047244094488,0.0688817754762636,0.301082677165354
9.63963963963964,0.0372047244094488,0.0685231491333853,0.301082677165354
9.6996996996997,0.0372047244094488,0.0680321069100597,0.301038538538539
9.75975975975976,0.0372047244094488,0.0665976015385464,0.30067991219566
9.81981981981982,0.0372047244094488,0.0653079260362725,0.300321285852782
9.87987987987988,0.0372047244094488,0.0645906733505158,0.299962659509904
9.93993993993994,0.0371040331670253,0.0639741119071827,0.299704724409449
10,0.036745406824147,0.0636154855643044,0.299704724409449
10.0600600600601,0.0363867804812687,0.0633858267716536,0.299446789308994
10.1201201201201,0.0360281541383904,0.0633858267716536,0.298729536623237
10.1801801801802,0.0356695277955121,0.063071339055591,0.298326771653543
10.2402402402402,0.0353109014526337,0.0623540863698344,0.298326771653543
10.3003003003003,0.0349522751097554,0.0616368336840778,0.297955731321873
10.3603603603604,0.0345936487668771,0.0609195809983212,0.297238478636116
10.4204204204204,0.0344488188976378,0.0606299212598425,0.296735022423999
10.4804804804805,0.0344488188976378,0.0606299212598425,0.29637639608112
10.5405405405405,0.034206746116195,0.0601457756969568,0.295533624175357
10.6006006006006,0.0338481197733167,0.0594285230112002,0.294457745146722
10.6606606606607,0.0337598425196851,0.0589816194146903,0.29392256429658
10.7207207207207,0.0337598425196851,0.058622993071812,0.293563937953702
10.7807807807808,0.0337598425196851,0.0579657413318831,0.293503937007874
10.8408408408408,0.0337598425196851,0.0572484886461265,0.293503937007874
10.9009009009009,0.0337598425196851,0.0568581376652243,0.292196330188456
10.960960960961,0.0337598425196851,0.056499511322346,0.290761824816943
11.021021021021,0.0337598425196851,0.0557857069668094,0.289682497458088
11.0810810810811,0.0337598425196851,0.0550932822586366,0.288631446407037
11.1411411411411,0.0337598425196851,0.0547346559157583,0.28791419372128
11.2012012012012,0.0337598425196851,0.05437602957288,0.287143836750136
11.2612612612613,0.0337598425196851,0.0540174032300017,0.286067957721501
11.3213213213213,0.0335157007401102,0.053740157480315,0.285073459286058
11.3813813813814,0.0324398217114752,0.053740157480315,0.284356206600301
11.4414414414414,0.0313639426828403,0.053740157480315,0.283419640112553
11.5015015015015,0.0302880636542054,0.053740157480315,0.28198513474104
11.5615615615616,0.0294880510431692,0.0536022242715156,0.280688562578326
11.6216216216216,0.0291294247002908,0.0532435979286373,0.279612683549691
11.6816816816817,0.0289370078740157,0.0530511811023622,0.278370595004453
11.7417417417417,0.0289370078740157,0.0530511811023622,0.27693608963294
11.8018018018018,0.0285480362252015,0.0522732378047338,0.275112612612612
11.8618618618619,0.0278307835394449,0.0508387324332205,0.272960854555343
11.9219219219219,0.0275590551181102,0.0502952755905512,0.270586334365862
11.981981981982,0.0275590551181102,0.0502952755905512,0.268075949965714
12.042042042042,0.0273080166780954,0.0502952755905512,0.26581660400558
12.1021021021021,0.0269493903352171,0.0502952755905512,0.26366484594831
12.1621621621622,0.0263114492445201,0.0505745903383699,0.261233773143222
12.2222222222222,0.0255941965587635,0.0509332166812481,0.258723388743074
12.2822822822823,0.0248769438730069,0.0509842519685039,0.256213004342926
12.3423423423423,0.0241596911872503,0.0509842519685039,0.253702619942777
12.4024024024024,0.0237783058649201,0.0509842519685039,0.250856368179203
12.4624624624625,0.0234141621936898,0.0509842519685039,0.247970805451121
12.5225225225225,0.0226969095079332,0.0509842519685039,0.244025915679459
12.5825825825826,0.0220134504583323,0.0509504583323481,0.240013438635486
12.6426426426426,0.021654824115454,0.0505918319894698,0.235351296178068
12.7027027027027,0.0211099879406966,0.0502952755905512,0.230999503440448
12.7627627627628,0.0196754825691834,0.0502952755905512,0.228130492697422
12.8228228228228,0.0186023622047244,0.0502049293387876,0.225351828206159
12.8828828828829,0.0186023622047244,0.0498463029959093,0.222841443806011
12.9429429429429,0.0182464945260221,0.0496062992125984,0.219619324048458
13.003003003003,0.0171706154973872,0.0496062992125984,0.21495718159104
13.0630630630631,0.0162416353361235,0.0496062992125984,0.210148140266251
13.1231231231231,0.0155243826503669,0.0496062992125984,0.205127371465954
13.1831831831832,0.0148071299646103,0.0496062992125984,0.201858354417409
13.2432432432432,0.0140898772788536,0.0496062992125984,0.200423849045896
13.3033033033033,0.0137795275590551,0.0494028477296194,0.197158280327571
13.3633633633634,0.0137795275590551,0.0490442213867411,0.192496137870154
13.4234234234234,0.0133160719774893,0.0484538672530799,0.188760906575867
13.4834834834835,0.0125988192917327,0.0477366145673232,0.185533269489962
13.5435435435435,0.0118815666059761,0.0472793659801534,0.182045628305471
13.6036036036036,0.0111643139202194,0.0469207396372751,0.178459364876688
13.6636636636637,0.0110236220472441,0.0468503937007874,0.175449662260686
13.7237237237237,0.0110236220472441,0.0468503937007874,0.172580651517659
13.7837837837838,0.0107070653330496,0.0465338369865929,0.16812885720366
13.8438438438438,0.0103484389901713,0.0461752106437146,0.163466714746242
13.9039039039039,0.00998981264729295,0.0461614173228346,0.160873570420814
13.963963963964,0.00963118630441464,0.0461469343359107,0.158392151994514
14.024024024024,0.00927255996153633,0.0457883079930324,0.156599020280123
14.0840840840841,0.00887117432393024,0.0454724409448819,0.154549332797364
14.1441441441441,0.0081539216381736,0.0454724409448819,0.150604443025703
14.2042042042042,0.00750770455494862,0.0454014053423502,0.146801624459105
14.2642642642643,0.00714907821207031,0.0450427789994719,0.1435739873732
14.3243243243243,0.00688976377952755,0.0447834645669291,0.140644286018302
14.3843843843844,0.00688976377952755,0.0447834645669291,0.138492527961032
14.4444444444444,0.00688976377952755,0.0447834645669291,0.136595946340041
14.5045045045045,0.00688976377952755,0.0447834645669291,0.135161440968528
14.5645645645646,0.00688976377952755,0.0446276000409859,0.132947612967298
14.6246246246246,0.00688976377952755,0.0442689736981075,0.129719975881393
14.6846846846847,0.00688976377952755,0.0440944881889764,0.126860620462983
14.7447447447447,0.00688976377952755,0.0440944881889764,0.124350236062835
14.8048048048048,0.00688976377952755,0.0440944881889764,0.122901937370441
14.8648648648649,0.00688976377952755,0.0440944881889764,0.122184684684685
14.9249249249249,0.00688976377952755,0.0436131012902667,0.119782577853444
14.984984984985,0.00688976377952755,0.04289584860451,0.116554940767539
15.045045045045,0.00688976377952755,0.0421785959187534,0.114134212953111
15.1051051051051,0.00688976377952755,0.0414613432329967,0.111982454895841
15.1651651651652,0.00688976377952755,0.0407440905472401,0.111019681098421
15.2252252252252,0.00688976377952755,0.0400268378614835,0.110302428412665
15.2852852852853,0.00688976377952755,0.0399606299212599,0.108283086235842
15.3453453453453,0.00688976377952755,0.0399606299212599,0.106131328178572
15.4054054054054,0.00688976377952755,0.0396068312406895,0.103979570121302
15.4654654654655,0.00688976377952755,0.0392247562523153,0.101827812064032
15.5255255255255,0.00688976377952755,0.0385075035665586,0.0996760540067625
15.5855855855856,0.00688976377952755,0.037790250880802,0.097679470809392
15.6456456456456,0.00688976377952755,0.0370729981950454,0.0966035917807571
15.7057057057057,0.00688976377952755,0.0362757442481852,0.0954477114910186
15.7657657657658,0.00688976377952755,0.0351998652195503,0.0940132061195053
15.8258258258258,0.00688976377952755,0.0343405413287303,0.0924704231790846
15.8858858858859,0.00688976377952755,0.033981914985852,0.090677291464693
15.9459459459459,0.00688976377952755,0.0334867347662623,0.0890207136270128
16.006006006006,0.00688976377952755,0.0327694820805057,0.0875862082554996
16.0660660660661,0.00688976377952755,0.0322170595792643,0.0861517028839863
16.1261261261261,0.00688976377952755,0.031858433236386,0.0847171975124731
16.1861861861862,0.00688976377952755,0.0311135939088695,0.0832826921409599
16.2462462462462,0.00688976377952755,0.0300377148802346,0.0818481867694467
16.3063063063063,0.00688976377952755,0.0294046014518455,0.0806350641980564
16.3663663663664,0.00688976377952755,0.0290459751089672,0.0795591851694214
16.4264264264264,0.00688976377952755,0.0281880305502352,0.0784833061407865
16.4864864864865,0.00688976377952755,0.0271121515216003,0.0774074271121515
16.5465465465465,0.00688976377952755,0.0265921433244268,0.0771653543307087
16.6066066066066,0.00688976377952755,0.0262335169815485,0.0771653543307087
16.6666666666667,0.00688976377952755,0.0255686789151356,0.0765529308836395
16.7267267267267,0.00688976377952755,0.024851426229379,0.0758356781978829
16.7867867867868,0.00688976377952755,0.0248031496062992,0.0754529135434647
16.8468468468468,0.00688976377952755,0.0247990116100352,0.0750901492043224
16.9069069069069,0.00688976377952755,0.0244403852671569,0.0743728965185658
16.966966966967,0.00688976377952755,0.0240817589242786,0.073688058136877
17.027027027027,0.00688976377952755,0.0237231325814003,0.0733294317939987
17.0870870870871,0.00688976377952755,0.0231824344029067,0.0729708054511203
17.1471471471471,0.00688976377952755,0.0217479290313936,0.0726121791082421
17.2072072072072,0.00688976377952755,0.0206692913385827,0.0723425196850394
17.2672672672673,0.00688976377952755,0.0206692913385827,0.0723425196850394
17.3273273273273,0.00688976377952755,0.0204348048836238,0.0721080332300804
17.3873873873874,0.00688976377952755,0.0197175521978671,0.0713907805443238
17.4474474474474,0.00688976377952755,0.0191458190473938,0.0708190473938505
17.5075075075075,0.00688976377952755,0.0187871927045155,0.0704604210509722
17.5675675675676,0.00688976377952755,0.0184285663616372,0.0701017947080939
17.6276276276276,0.00688976377952755,0.0180699400187589,0.0697431683652156
17.6876876876877,0.00688976377952755,0.0175092415249895,0.0693845420223373
17.7477477477477,0.00688976377952755,0.0167919888392329,0.069025915679459
17.8078078078078,0.00688976377952755,0.0160747361534763,0.0686672893365807
17.8678678678679,0.00688976377952755,0.0153574834677197,0.0683086629937024
17.9279279279279,0.00688976377952755,0.0148988555484618,0.0682086614173228
17.987987987988,0.00688976377952755,0.0145402292055835,0.0682086614173228
18.048048048048,0.00688976377952755,0.0141816028627052,0.0679217603430202
18.1081081081081,0.00688976377952755,0.013822976519827,0.0675631340001419
18.1681681681682,0.00657458639742106,0.0137795275590551,0.0668893302751571
18.2282282282282,0.00621596005454276,0.0137795275590551,0.0661720775894004
18.2882882882883,0.00620078740157481,0.0137795275590551,0.0661417322834645
18.3483483483483,0.00620078740157481,0.0137795275590551,0.0661155249737927
18.4084084084084,0.00620078740157481,0.0137795275590551,0.065398272288036
18.4684684684685,0.00620078740157481,0.0137795275590551,0.0647223995649193
18.5285285285285,0.00620078740157481,0.0137795275590551,0.0643637732220409
18.5885885885886,0.00620078740157481,0.0137795275590551,0.0640051468791626
18.6486486486486,0.00620078740157481,0.0137795275590551,0.0636465205362843
18.7087087087087,0.00620078740157481,0.0136815949808076,0.063287894193406
18.7687687687688,0.00620078740157481,0.0133229686379293,0.0629292678505277
18.8288288288288,0.00620078740157481,0.0129643422950509,0.0625706415076493
18.8888888888889,0.00620078740157481,0.0126057159521726,0.062212015164771
18.9489489489489,0.00620078740157481,0.0122470896092943,0.0615444184341822
19.009009009009,0.00620078740157481,0.011888463266416,0.0604685394055473
19.0690690690691,0.00601802589991567,0.0117125984251968,0.0597581833802306
19.1291291291291,0.00565939955703734,0.0117125984251968,0.0593995570373523
19.1891891891892,0.00551181102362203,0.0117125984251968,0.058829892885011
19.2492492492492,0.00551181102362203,0.0117125984251968,0.0581126401992544
19.3093093093093,0.00551181102362203,0.0119519125424637,0.0571560733962308
19.3693693693694,0.00551181102362203,0.0123105388853421,0.0560801943675958
19.4294294294294,0.00551181102362203,0.0124015748031496,0.0555394961891025
19.4894894894895,0.00551181102362203,0.0124015748031496,0.0551808698462242
19.5495495495495,0.00551181102362203,0.0124015748031496,0.0548222435033459
19.6096096096096,0.00551181102362203,0.0124015748031496,0.0544636171604675
19.6696696696697,0.00551181102362203,0.0124015748031496,0.0534567047362323
19.7297297297297,0.00551181102362203,0.0124015748031496,0.0523808257075974
19.7897897897898,0.00586423037210437,0.0120491554546673,0.0520097853759271
19.8498498498498,0.00620078740157481,0.0117125984251968,0.0516290897196409
19.9099099099099,0.00620078740157481,0.0117125984251968,0.0509118370338843
19.96996996997,0.00620078740157481,0.0117125984251968,0.050144238726916
20.03003003003,0.00620078740157481,0.0117125984251968,0.049068359698281
20.0900900900901,0.00620078740157481,0.0117125984251968,0.0479924806696461
20.1501501501502,0.00620078740157481,0.0117125984251968,0.0469166016410111
20.2102102102102,0.0063076856383943,0.0118194966620163,0.0460545190860151
20.2702702702703,0.00666631198127261,0.0121781230048947,0.0456958927431368
20.3303303303303,0.00688976377952755,0.012536749347773,0.0449317427663884
20.3903903903904,0.00688976377952755,0.0128953756906513,0.0434972373948753
20.4504504504505,0.00688976377952755,0.0130905511811024,0.0422261828757892
20.5105105105105,0.00688976377952755,0.0130905511811024,0.0411503038471543
20.5705705705706,0.00688976377952755,0.0130905511811024,0.0400744248185193
20.6306306306306,0.00688976377952755,0.0130905511811024,0.0389985457898844
20.6906906906907,0.00688976377952755,0.0130905511811024,0.0385826771653544
20.7507507507508,0.00688976377952755,0.0130905511811024,0.0385826771653544
20.8108108108108,0.00688976377952755,0.0130905511811024,0.0373412782861602
20.8708708708709,0.00688976377952755,0.0130905511811024,0.0355481465717687
20.9309309309309,0.00688976377952755,0.012537439013817,0.0348612391919479
20.990990990991,0.00688976377952755,0.0118201863280603,0.0345026128490695
21.0510510510511,0.00688976377952755,0.0117125984251968,0.0341439865061912
21.1111111111111,0.00688976377952755,0.0117125984251968,0.0337853601633129
21.1711711711712,0.00688976377952755,0.0117125984251968,0.0330936251211841
21.2312312312312,0.00688700511535154,0.0117070810968448,0.0323708551070754
21.2912912912913,0.00652837877247325,0.0109898284110882,0.0309363497355623
21.3513513513514,0.00616975242959496,0.0103036106973115,0.0295639143080088
21.4114114114114,0.00581112608671663,0.00994498435443317,0.0288466616222522
21.4714714714715,0.00551181102362203,0.00964566929133859,0.0280700976567118
21.5315315315315,0.00551181102362203,0.00964566929133859,0.0269942186280769
21.5915915915916,0.00551181102362203,0.00964566929133859,0.0258307520118545
21.6516516516517,0.00551181102362203,0.00964566929133859,0.0243962466403412
21.7117117117117,0.00551181102362203,0.00964566929133859,0.0233093329550022
21.7717717717718,0.00551181102362203,0.00964566929133859,0.0229507066121239
21.8318318318318,0.00551181102362203,0.0097898094945339,0.0225920802692456
21.8918918918919,0.00551181102362203,0.0101484358374122,0.0222334539263673
21.951951951952,0.00551181102362203,0.0103346456692913,0.021874827583489
22.012012012012,0.00551181102362203,0.0103346456692913,0.0215162012406107
22.0720720720721,0.00551181102362203,0.0103346456692913,0.0211575748977324
22.1321321321321,0.00551181102362203,0.0103346456692913,0.0207989485548541
22.1921921921922,0.00551181102362203,0.0103346456692913,0.0206692913385827
22.2522522522523,0.00551181102362203,0.0103346456692913,0.0206692913385827
22.3123123123123,0.00551181102362203,0.0103346456692913,0.0206692913385827
22.3723723723724,0.00551181102362203,0.0103346456692913,0.0206692913385827
22.4324324324324,0.00551181102362203,0.0103346456692913,0.0209548130807973
22.4924924924925,0.00551181102362203,0.0103346456692913,0.0213134394236756
22.5525525525526,0.00551181102362203,0.00970704956925427,0.0213582677165354
22.6126126126126,0.00551181102362203,0.00898979688349763,0.0213582677165354
22.6726726726727,0.00551181102362203,0.0089566929133858,0.0213582677165354
22.7327327327327,0.00551181102362203,0.0089566929133858,0.0213582677165354
22.7927927927928,0.00551181102362203,0.0089566929133858,0.0213582677165354
22.8528528528529,0.00551181102362203,0.00899669354393761,0.0213182670859836
22.9129129129129,0.00551181102362203,0.00935531988681594,0.0209596407431053
22.972972972973,0.00551181102362203,0.00964566929133859,0.0206692913385827
23.033033033033,0.00551181102362203,0.00964566929133859,0.0206692913385827
23.0930930930931,0.00551181102362203,0.00964566929133859,0.0205727380924231
23.1531531531532,0.00551181102362203,0.00964566929133859,0.0202141117495448
23.2132132132132,0.00551181102362203,0.00939601018341178,0.0199803149606299
23.2732732732733,0.00551181102362203,0.00867875749765514,0.0199803149606299
23.3333333333333,0.00551181102362203,0.00826771653543307,0.0199803149606299
23.3933933933934,0.00551181102362203,0.00826771653543307,0.0199803149606299
23.4534534534535,0.00551181102362203,0.00826771653543307,0.0199803149606299
23.5135135135135,0.00551181102362203,0.00826771653543307,0.0199803149606299
23.5735735735736,0.00551181102362203,0.00784839958068307,0.0199803149606299
23.6336336336336,0.00551181102362203,0.00713114689492643,0.0199803149606299
23.6936936936937,0.00551181102362203,0.00688976377952755,0.0199803149606299
23.7537537537538,0.00551181102362203,0.00688976377952755,0.0199803149606299
23.8138138138138,0.00551181102362203,0.00688976377952755,0.0197141038676472
23.8738738738739,0.00551181102362203,0.00688976377952755,0.0193554775247689
23.9339339339339,0.00551181102362203,0.00718425118031413,0.0189968511818906
23.993993993994,0.00551181102362203,0.00754287752319244,0.0186382248390122
24.0540540540541,0.00551181102362203,0.00757874015748028,0.0186023622047244
24.1141141141141,0.00551181102362203,0.00757874015748028,0.0186023622047244
24.1741741741742,0.00551181102362203,0.00757874015748028,0.0186023622047244
24.2342342342342,0.00551181102362203,0.00757874015748028,0.0186023622047244
24.2942942942943,0.00551181102362203,0.00757874015748028,0.0186023622047244
24.3543543543544,0.00551181102362203,0.00757874015748028,0.0186023622047244
24.4144144144144,0.00551181102362203,0.00757874015748028,0.0186023622047244
24.4744744744745,0.00551181102362203,0.00757874015748028,0.0186023622047244
24.5345345345345,0.00551181102362203,0.00757874015748028,0.0186023622047244
24.5945945945946,0.00551181102362203,0.00757874015748028,0.0186023622047244
24.6546546546547,0.00551181102362203,0.00757874015748028,0.0186023622047244
24.7147147147147,0.00551181102362203,0.00757874015748028,0.0186023622047244
24.7747747747748,0.00551181102362203,0.00757874015748028,0.0186023622047244
24.8348348348348,0.00551181102362203,0.00757874015748028,0.0186023622047244
24.8948948948949,0.00551181102362203,0.00757874015748028,0.0186023622047244
24.954954954955,0.00551181102362203,0.00757874015748028,0.0186023622047244
25.015015015015,0.00551181102362203,0.00757874015748028,0.0186023622047244
25.0750750750751,0.00551181102362203,0.0073601160215333,0.0186023622047244
25.1351351351351,0.00551181102362203,0.00700148967865502,0.0186023622047244
25.1951951951952,0.00551181102362203,0.00688976377952755,0.0186023622047244
25.2552552552553,0.00551181102362203,0.00688976377952755,0.0186023622047244
25.3153153153153,0.00551181102362203,0.00688976377952755,0.0183271854531697
25.3753753753754,0.00551181102362203,0.00688976377952755,0.0179685591102914
25.4354354354354,0.00551181102362203,0.006586310720169,0.0176099327674131
25.4954954954955,0.00551181102362203,0.0062276843772907,0.0172513064245348
25.5555555555556,0.00551181102362203,0.00620078740157481,0.0168926800816565
25.6156156156156,0.00551181102362203,0.00619940806948686,0.0165340537387782
25.6756756756757,0.00551181102362203,0.00584078172660851,0.0161754273958999
25.7357357357357,0.00551181102362203,0.00551181102362203,0.0158464566929134
25.7957957957958,0.00551181102362203,0.00551181102362203,0.0158464566929134
25.8558558558559,0.00548284504977416,0.00551181102362203,0.0158464566929134
25.9159159159159,0.00530353187833501,0.00551181102362203,0.0158464566929134
25.975975975976,0.00512421870689586,0.00551181102362203,0.0157602484374138
26.036036036036,0.00494490553545671,0.00551181102362203,0.0154016220945355
26.0960960960961,NaN,0.00551181102362203,0.0151574803149606
26.1561561561562,NaN,0.00551181102362203,0.0151574803149606
26.2162162162162,NaN,0.00551181102362203,0.0151574803149606
26.2762762762763,NaN,0.00551181102362203,0.0151574803149606
26.3363363363363,NaN,0.00568284820253325,0.0151574803149606
26.3963963963964,NaN,0.00604147454541158,0.0151574803149606
26.4564564564565,NaN,0.00620078740157481,0.0151574803149606
26.5165165165165,NaN,0.00620078740157481,0.0151574803149606
26.5765765765766,NaN,0.00620078740157481,0.0151574803149606
26.6366366366366,NaN,0.00620078740157481,0.0151574803149606
26.6966966966967,NaN,0.00620078740157481,0.0151574803149606
26.7567567567568,NaN,0.00620078740157481,0.0151574803149606
26.8168168168168,NaN,0.00620078740157481,0.0151574803149606
26.8768768768769,NaN,0.00620078740157481,0.0151574803149606
26.9369369369369,NaN,0.00620078740157481,0.0151574803149606
26.996996996997,NaN,0.00620078740157481,0.0151574803149606
27.0570570570571,NaN,0.00620078740157481,0.015498175340695
27.1171171171171,NaN,0.00619044241091484,0.0158464566929134
27.1771771771772,NaN,0.00583181606803653,0.0158464566929134
27.2372372372372,NaN,0.00547318972515822,0.0158464566929134
27.2972972972973,NaN,0.00511456338227991,0.0158464566929134
27.3573573573574,NaN,0.00482283464566929,0.0158464566929134
27.4174174174174,NaN,0.00482283464566929,0.0158464566929134
27.4774774774775,NaN,0.00482283464566929,0.0158464566929134
27.5375375375375,NaN,0.00482283464566929,0.0158464566929134
27.5975975975976,NaN,0.00482283464566929,0.0159699069147888
27.6576576576577,NaN,0.00482283464566929,0.0163285332576671
27.7177177177177,NaN,0.00482283464566929,0.0165354330708661
27.7777777777778,NaN,0.00482283464566929,0.0165354330708661
27.8378378378378,NaN,0.00482283464566929,0.0165354330708661
27.8978978978979,NaN,0.00482283464566929,0.0165354330708661
27.957957957958,NaN,0.00482283464566929,0.0165354330708661
28.018018018018,NaN,0.00482283464566929,0.0165354330708661
28.0780780780781,NaN,0.00482283464566929,0.0165354330708661
28.1381381381381,NaN,0.00482283464566929,0.0165354330708661
28.1981981981982,NaN,0.00482283464566929,0.0162706013099714
28.2582582582583,NaN,0.00482283464566929,0.0159119749670931
28.3183183183183,NaN,0.00482283464566929,0.0146740244181189
28.3783783783784,NaN,0.00482283464566929,0.0132395190466057
28.4384384384384,NaN,0.00466214245741804,0.0130905511811024
28.4984984984985,NaN,0.00448282928597888,0.0130905511811024
28.5585585585586,NaN,0.00430351611453971,0.0129157208389492
28.6186186186186,NaN,NaN,0.01273640766751
28.6786786786787,NaN,NaN,0.0125570944960709
28.7387387387387,NaN,NaN,NaN
28.7987987987988,NaN,NaN,NaN
28.8588588588589,NaN,NaN,NaN
28.9189189189189,NaN,NaN,NaN
28.978978978979,NaN,NaN,NaN
29.039039039039,NaN,NaN,NaN
29.0990990990991,NaN,NaN,NaN
29.1591591591592,NaN,NaN,NaN
29.2192192192192,NaN,NaN,NaN
29.2792792792793,NaN,NaN,NaN
29.3393393393393,NaN,NaN,NaN
29.3993993993994,NaN,NaN,NaN
29.4594594594595,NaN,NaN,NaN
29.5195195195195,NaN,NaN,NaN
29.5795795795796,NaN,NaN,NaN
29.6396396396396,NaN,NaN,NaN
29.6996996996997,NaN,NaN,NaN
29.7597597597598,NaN,NaN,NaN
29.8198198198198,NaN,NaN,NaN
29.8798798798799,NaN,NaN,NaN
29.9399399399399,NaN,NaN,NaN
30,NaN,NaN,NaN
