z_nm,T_article_K,T_model_0_ns_K,model_minus_article_0_ns_K,T_model_1_ns_K,model_minus_article_1_ns_K,T_model_5_ns_K,model_minus_article_5_ns_K
0.000000000000000000e+00,1.515789473684210634e+03,3.129760940111214950e+03,1.613971466427004316e+03,2.462136849198265281e+03,9.463473755140546473e+02,1.877136957750903321e+03,3.613474840666926866e+02
5.897435897435897800e+00,1.510526315789473756e+03,2.873265884183311755e+03,1.362739568393837999e+03,2.434860953830630933e+03,9.243346380411571772e+02,1.870241328751161973e+03,3.597150129616882168e+02
1.179487179487179560e+01,1.478947368421052715e+03,2.589729866058696643e+03,1.110782497637643928e+03,2.356680342856357584e+03,8.777329744353048682e+02,1.849797944810691661e+03,3.708505763896389453e+02
1.769230769230769340e+01,1.360526315789473756e+03,2.332022738401550669e+03,9.714964226120769126e+02,2.237358689554890589e+03,8.768323737654168326e+02,1.816520657689731706e+03,4.559943419002579503e+02
2.358974358974359120e+01,1.300000000000000000e+03,2.097792265930876965e+03,7.977922659308769653e+02,2.089921934083957240e+03,7.899219340839572396e+02,1.771545262255407579e+03,4.715452622554075788e+02
2.948717948717948900e+01,1.300000000000000000e+03,1.884900368771632202e+03,5.849003687716322020e+02,1.927586325163908668e+03,6.275863251639086684e+02,1.716353859003767411e+03,4.163538590037674112e+02
3.538461538461538680e+01,1.144736842105263122e+03,1.691403630914717496e+03,5.466667888094543741e+02,1.761639537848604050e+03,6.169026957433409279e+02,1.652678930092572955e+03,5.079420879873098329e+02
4.128205128205128460e+01,1.089473684210526244e+03,1.515535582161528282e+03,4.260618979510020381e+02,1.600611791386952518e+03,5.111381071764262742e+02,1.582395730169029775e+03,4.929220459585035314e+02
4.717948717948718240e+01,1.034210526315789366e+03,1.355690592240638807e+03,3.214800659248494412e+02,1.450408791703187717e+03,4.161982653873983509e+02,1.507412339940948641e+03,4.732018136251592750e+02
5.307692307692308020e+01,9.736842105263157237e+02,1.210409230451857866e+03,2.367250199255421421e+02,1.314852603148637627e+03,3.411683926223219032e+02,1.429566545265871355e+03,4.558823347395556311e+02
5.897435897435897800e+01,9.342105263157894797e+02,1.078382673397070221e+03,1.441721470812807411e+02,1.196208758951004029e+03,2.619982326352145492e+02,1.350538073476166346e+03,4.163275471603768665e+02
6.487179487179487580e+01,8.868421052631578050e+02,9.584325316221007824e+02,7.159042635894297746e+01,1.095441651119209382e+03,2.085995458560515772e+02,1.271790245383820093e+03,3.849481401206622877e+02
7.076923076923077360e+01,8.605263157894736423e+02,8.924310317714324583e+02,3.190471598195881597e+01,1.012107680262269696e+03,1.515813644727960536e+02,1.194507730728337265e+03,3.339814149388636224e+02
7.666666666666667140e+01,8.800000000000000000e+02,8.854827596139946309e+02,5.482759613994630854e+00,9.446615898061199914e+02,6.466158980611999141e+01,1.119580509476669476e+03,2.395805094766694765e+02
8.256410256410256920e+01,8.800000000000000000e+02,8.817925824370331611e+02,1.792582437033161114e+00,8.917421432925012823e+02,1.174214329250128230e+01,1.047604953194706241e+03,1.676049531947062405e+02
8.846153846153846700e+01,8.800000000000000000e+02,8.788313831085073389e+02,-1.168616891492661125e+00,8.789955519203969061e+02,-1.004448079603093902e+00,9.788865398709032206e+02,9.888653987090322062e+01
9.435897435897436480e+01,8.800000000000000000e+02,8.759686241054916991e+02,-4.031375894508300917e+00,8.755738787095586986e+02,-4.426121290441301426e+00,9.134540834882660647e+02,3.345408348826606471e+01
1.002564102564102626e+02,8.800000000000000000e+02,8.727103187909095823e+02,-7.289681209090417724e+00,8.662653881594116001e+02,-1.373461184058839990e+01,8.643252127005583816e+02,-1.567478729944161842e+01
1.061538461538461604e+02,8.800000000000000000e+02,8.679680723797970359e+02,-1.203192762020296414e+01,8.442529925186315722e+02,-3.574700748136842776e+01,8.336646164989338104e+02,-4.633538350106618964e+01
1.120512820512820582e+02,8.800000000000000000e+02,8.531564810610270797e+02,-2.684351893897292030e+01,8.178273077021584641e+02,-6.217269229784153595e+01,8.045129174470674798e+02,-7.548708255293252023e+01
1.179487179487179560e+02,8.800000000000000000e+02,8.065793765803111910e+02,-7.342062341968880901e+01,7.884751872295698831e+02,-9.152481277043011687e+01,7.763745521835771797e+02,-1.036254478164228203e+02
1.238461538461538538e+02,8.800000000000000000e+02,7.604207812533754804e+02,-1.195792187466245196e+02,7.569210835330759437e+02,-1.230789164669240563e+02,7.490136459809550615e+02,-1.309863540190449385e+02
1.297435897435897516e+02,5.868421052631578050e+02,7.184664438059841132e+02,1.316243385428263082e+02,7.241545391954945217e+02,1.373124339323367167e+02,7.222562739101294937e+02,1.354141686469716888e+02
1.356410256410256352e+02,5.710526315789472847e+02,6.803340169239889974e+02,1.092813853450417128e+02,6.912291797743361030e+02,1.201765481953888184e+02,6.959897828452583326e+02,1.249371512663110479e+02
1.415384615384615472e+02,5.499999999999998863e+02,6.456754344253148474e+02,9.567543442531496112e+01,6.590710987159208116e+02,1.090710987159209253e+02,6.701554231521140537e+02,1.201554231521141674e+02
1.474358974358974592e+02,5.131578947368420813e+02,6.141743196803178080e+02,1.010164249434757266e+02,6.283679837501873635e+02,1.152100890133452822e+02,6.447368312069411331e+02,1.315789364700990518e+02
1.533333333333333428e+02,4.947368421052631220e+02,5.855431013568041863e+02,9.080625925154106426e+01,5.995453647374381489e+02,1.048085226321750270e+02,6.197469583487384170e+02,1.250101162434752951e+02
1.592307692307692264e+02,4.842105263157893660e+02,5.595203915578634906e+02,7.530986524207412458e+01,5.728006896333748728e+02,8.859016331758550677e+01,5.952154686593784163e+02,1.110049423435890503e+02
1.651282051282051384e+02,4.657894736842104066e+02,5.358686025277133922e+02,7.007912884350298555e+01,5.481586177504849502e+02,8.236914406627454355e+01,5.711780189352127763e+02,1.053885452510023697e+02
1.710256410256410504e+02,4.500000000000000000e+02,5.143717802248288535e+02,6.437178022482885353e+01,5.255206183752108018e+02,7.552061837521080179e+01,5.476682480517525846e+02,9.766824805175258462e+01
1.769230769230769340e+02,4.289473684210524880e+02,4.948414925712647232e+02,6.589412415021223524e+01,5.047019581500204026e+02,7.575458972896791465e+01,5.247153068441033383e+02,9.576793842305085036e+01
1.828205128205128176e+02,4.263157894736841627e+02,4.770923877226520631e+02,5.077659824896790042e+01,4.854168928281703188e+02,5.910110335448615615e+01,5.023350425276959754e+02,7.601925305401181276e+01
1.887179487179487296e+02,4.052631578947366506e+02,4.609596829821825281e+02,5.569652508744587749e+01,4.672858937754202202e+02,6.202273588068356958e+01,4.805350228802227548e+02,7.527186498548610416e+01
1.946153846153846416e+02,3.947368421052631220e+02,4.462962167604555361e+02,5.155937465519241414e+01,4.498157374269539446e+02,5.507889532169082258e+01,4.593166788489245391e+02,6.457983674366141713e+01
2.005128205128205252e+02,3.921052631578945693e+02,4.329682214220817968e+02,4.086295826418722754e+01,4.323957281172303055e+02,4.029046495933573624e+01,4.386772768384799406e+02,4.657201368058537128e+01
2.064102564102564088e+02,3.736842105263156100e+02,4.208541046126942433e+02,4.716989408637863335e+01,4.143491784493433556e+02,4.066496792302774566e+01,4.186127864153220912e+02,4.492857588900648125e+01
2.123076923076923208e+02,3.710526315789472847e+02,4.098433414331447580e+02,3.879070985419747331e+01,3.950714988498751268e+02,2.401886727092784213e+01,3.991201730181036851e+02,2.806754143915640043e+01
2.182051282051282328e+02,3.710526315789472847e+02,3.998354673819201253e+02,2.878283580297284061e+01,3.742544663581913937e+02,3.201834779244109086e+00,3.801986587950055423e+02,9.146027216058257636e+00
2.241025641025641164e+02,3.578947368421052033e+02,3.907391629029359592e+02,3.284442606083075589e+01,3.521194640987952198e+02,-5.775272743309983525e+00,3.618497336885155278e+02,3.954996846410324451e+00
2.300000000000000000e+02,3.605263157894735286e+02,3.838073413680858721e+02,2.328102557861234345e+01,3.333129138177143886e+02,-2.721340197175914000e+01,3.470408830866816174e+02,-1.348543270279191120e+01
