r_um,fluence_mJ_cm2
-4.991304347826086740e+01,5.785123966942148366e-01
-4.973913043478260931e+01,6.198347107438016979e-01
-4.956521739130435122e+01,6.611570247933884481e-01
-4.939130434782608603e+01,7.024793388429751984e-01
-4.921739130434782794e+01,7.024793388429751984e-01
-4.904347826086956275e+01,7.024793388429751984e-01
-4.886956521739130466e+01,7.438016528925619486e-01
-4.869565217391304657e+01,7.851239669421488099e-01
-4.852173913043478137e+01,7.851239669421488099e-01
-4.834782608695652328e+01,7.851239669421488099e-01
-4.817391304347825809e+01,7.851239669421488099e-01
-4.800000000000000000e+01,8.677685950413223104e-01
-4.782608695652174191e+01,8.677685950413223104e-01
-4.765217391304347672e+01,8.677685950413223104e-01
-4.747826086956521863e+01,9.504132231404959219e-01
-4.730434782608695343e+01,9.504132231404959219e-01
-4.713043478260869534e+01,9.504132231404959219e-01
-4.695652173913043725e+01,9.504132231404959219e-01
-4.678260869565217206e+01,9.917355371900826722e-01
-4.660869565217391397e+01,1.033057851239669311e+00
-4.643478260869564878e+01,1.033057851239669311e+00
-4.626086956521739069e+01,1.115702479338843034e+00
-4.608695652173913260e+01,1.115702479338843034e+00
-4.591304347826086740e+01,1.157024793388429673e+00
-4.573913043478260931e+01,1.198347107438016534e+00
-4.556521739130435122e+01,1.198347107438016534e+00
-4.539130434782608603e+01,1.198347107438016534e+00
-4.521739130434782794e+01,1.280991735537190035e+00
-4.504347826086956275e+01,1.280991735537190035e+00
-4.486956521739130466e+01,1.363636363636363535e+00
-4.469565217391304657e+01,1.363636363636363535e+00
-4.452173913043478137e+01,1.363636363636363535e+00
-4.434782608695652328e+01,1.446280991735537258e+00
-4.417391304347825809e+01,1.446280991735537258e+00
-4.400000000000000000e+01,1.487603305785123897e+00
-4.382608695652174191e+01,1.528925619834710758e+00
-4.365217391304347672e+01,1.570247933884297620e+00
-4.347826086956521863e+01,1.611570247933884259e+00
-4.330434782608695343e+01,1.652892561983471120e+00
-4.313043478260869534e+01,1.694214876033057759e+00
-4.295652173913043725e+01,1.735537190082644621e+00
-4.278260869565217206e+01,1.776859504132231482e+00
-4.260869565217391397e+01,1.818181818181818121e+00
-4.243478260869564878e+01,1.859504132231404983e+00
-4.226086956521739069e+01,1.900826446280991844e+00
-4.208695652173913260e+01,1.942148760330578483e+00
-4.191304347826086740e+01,2.024793388429752206e+00
-4.173913043478260931e+01,2.024793388429752206e+00
-4.156521739130435122e+01,2.066115702479338623e+00
-4.139130434782608603e+01,2.148760330578512345e+00
-4.121739130434782794e+01,2.190082644628099207e+00
-4.104347826086956275e+01,2.231404958677686068e+00
-4.086956521739130466e+01,2.314049586776859346e+00
-4.069565217391304657e+01,2.314049586776859346e+00
-4.052173913043478137e+01,2.396694214876033069e+00
-4.034782608695652328e+01,2.479338842975206791e+00
-4.017391304347825809e+01,2.520661157024793209e+00
-4.000000000000000000e+01,2.561983471074380070e+00
-3.982608695652174191e+01,2.603305785123966931e+00
-3.965217391304347672e+01,2.685950413223140654e+00
-3.947826086956521863e+01,2.727272727272727071e+00
-3.930434782608695343e+01,2.809917355371900793e+00
-3.913043478260869534e+01,2.892561983471074516e+00
-3.895652173913043725e+01,2.933884297520661377e+00
-3.878260869565217206e+01,3.016528925619834656e+00
-3.860869565217391397e+01,3.099173553719008378e+00
-3.843478260869564878e+01,3.140495867768595240e+00
-3.826086956521739069e+01,3.223140495867768518e+00
-3.808695652173913260e+01,3.305785123966942241e+00
-3.791304347826086740e+01,3.347107438016529102e+00
-3.773913043478260931e+01,3.388429752066115519e+00
-3.756521739130435122e+01,3.471074380165289242e+00
-3.739130434782608603e+01,3.553719008264462964e+00
-3.721739130434782794e+01,3.636363636363636243e+00
-3.704347826086956275e+01,3.719008264462809965e+00
-3.686956521739130466e+01,3.801652892561983688e+00
-3.669565217391304657e+01,3.884297520661156966e+00
-3.652173913043478137e+01,3.966942148760330689e+00
-3.634782608695652328e+01,4.049586776859504411e+00
-3.617391304347825809e+01,4.132231404958677246e+00
-3.600000000000000000e+01,4.214876033057850968e+00
-3.582608695652174191e+01,4.256198347107438273e+00
-3.565217391304347672e+01,4.380165289256198413e+00
-3.547826086956521863e+01,4.462809917355372136e+00
-3.530434782608695343e+01,4.545454545454545858e+00
-3.513043478260869534e+01,4.628099173553718693e+00
-3.495652173913043725e+01,4.710743801652892415e+00
-3.478260869565217206e+01,4.834710743801652555e+00
-3.460869565217391397e+01,4.917355371900826277e+00
-3.443478260869564878e+01,5.000000000000000000e+00
-3.426086956521739069e+01,5.082644628099173723e+00
-3.408695652173913260e+01,5.206611570247933862e+00
-3.391304347826086740e+01,5.330578512396694002e+00
-3.373913043478260931e+01,5.413223140495867725e+00
-3.356521739130435122e+01,5.495867768595041447e+00
-3.339130434782608603e+01,5.619834710743801587e+00
-3.321739130434782794e+01,5.743801652892561727e+00
-3.304347826086956275e+01,5.785123966942149032e+00
-3.286956521739130466e+01,5.909090909090909172e+00
-3.269565217391304657e+01,6.074380165289256617e+00
-3.252173913043478137e+01,6.157024793388429451e+00
-3.234782608695652328e+01,6.322314049586776896e+00
-3.217391304347825809e+01,6.404958677685950619e+00
-3.200000000000000000e+01,6.487603305785124341e+00
-3.182608695652173836e+01,6.611570247933884481e+00
-3.165217391304347672e+01,6.735537190082644621e+00
-3.147826086956521863e+01,6.818181818181818343e+00
-3.130434782608695699e+01,6.983471074380164900e+00
-3.113043478260869534e+01,7.107438016528925928e+00
-3.095652173913043370e+01,7.231404958677686068e+00
-3.078260869565217561e+01,7.314049586776859790e+00
-3.060869565217391397e+01,7.479338842975206347e+00
-3.043478260869565233e+01,7.644628099173553792e+00
-3.026086956521739069e+01,7.727272727272727515e+00
-3.008695652173912904e+01,7.851239669421487655e+00
-2.991304347826087096e+01,7.975206611570247794e+00
-2.973913043478260931e+01,8.140495867768594351e+00
-2.956521739130434767e+01,8.264462809917354491e+00
-2.939130434782608603e+01,8.429752066115701936e+00
-2.921739130434782439e+01,8.512396694214876547e+00
-2.904347826086956630e+01,8.760330578512396826e+00
-2.886956521739130466e+01,8.801652892561984132e+00
-2.869565217391304301e+01,9.008264462809917106e+00
-2.852173913043478137e+01,9.090909090909091717e+00
-2.834782608695652328e+01,9.256198347107437385e+00
-2.817391304347826164e+01,9.421487603305784830e+00
-2.800000000000000000e+01,9.586776859504132275e+00
-2.782608695652173836e+01,9.793388429752065250e+00
-2.765217391304347672e+01,9.917355371900827166e+00
-2.747826086956521863e+01,1.000000000000000000e+01
-2.730434782608695699e+01,1.020661157024793475e+01
-2.713043478260869534e+01,1.033057851239669489e+01
-2.695652173913043370e+01,1.049586776859504056e+01
-2.678260869565217561e+01,1.066115702479338800e+01
-2.660869565217391397e+01,1.082644628099173545e+01
-2.643478260869565233e+01,1.099173553719008289e+01
-2.626086956521739069e+01,1.111570247933884303e+01
-2.608695652173912904e+01,1.132231404958677601e+01
-2.591304347826087096e+01,1.144628099173553792e+01
-2.573913043478260931e+01,1.169421487603305820e+01
-2.556521739130434767e+01,1.185950413223140565e+01
-2.539130434782608603e+01,1.198347107438016579e+01
-2.521739130434782439e+01,1.210743801652892593e+01
-2.504347826086956630e+01,1.235537190082644621e+01
-2.486956521739130466e+01,1.252066115702479365e+01
-2.469565217391304301e+01,1.268595041322314110e+01
-2.452173913043478137e+01,1.293388429752066138e+01
-2.434782608695652328e+01,1.301652892561983421e+01
-2.417391304347826164e+01,1.322314049586776896e+01
-2.400000000000000000e+01,1.334710743801652910e+01
-2.382608695652173836e+01,1.363636363636363669e+01
-2.365217391304347672e+01,1.376033057851239683e+01
-2.347826086956521863e+01,1.396694214876032980e+01
-2.330434782608695699e+01,1.417355371900826455e+01
-2.313043478260869534e+01,1.429752066115702469e+01
-2.295652173913043370e+01,1.450413223140495944e+01
-2.278260869565217561e+01,1.471074380165289242e+01
-2.260869565217391397e+01,1.491735537190082717e+01
-2.243478260869565233e+01,1.508264462809917283e+01
-2.226086956521739069e+01,1.533057851239669489e+01
-2.208695652173912904e+01,1.545454545454545503e+01
-2.191304347826087096e+01,1.566115702479338800e+01
-2.173913043478260931e+01,1.578512396694214814e+01
-2.156521739130434767e+01,1.607438016528925573e+01
-2.139130434782608603e+01,1.619834710743801764e+01
-2.121739130434782439e+01,1.644628099173553792e+01
-2.104347826086956630e+01,1.665289256198347090e+01
-2.086956521739130466e+01,1.685950413223140387e+01
-2.069565217391304301e+01,1.702479338842975309e+01
-2.052173913043478137e+01,1.719008264462809876e+01
-2.034782608695652328e+01,1.743801652892561904e+01
-2.017391304347826164e+01,1.756198347107438096e+01
-2.000000000000000000e+01,1.789256198347107585e+01
-1.982608695652173836e+01,1.801652892561983421e+01
-1.965217391304347672e+01,1.822314049586776719e+01
-1.947826086956521863e+01,1.834710743801652910e+01
-1.930434782608695699e+01,1.859504132231404938e+01
-1.913043478260869534e+01,1.880165289256198236e+01
-1.895652173913043370e+01,1.904958677685950263e+01
-1.878260869565217561e+01,1.921487603305785186e+01
-1.860869565217391397e+01,1.942148760330578483e+01
-1.843478260869565233e+01,1.958677685950413050e+01
-1.826086956521739069e+01,1.983471074380165433e+01
-1.808695652173912904e+01,2.008264462809917461e+01
-1.791304347826087096e+01,2.020661157024793297e+01
-1.773913043478260931e+01,2.049586776859504056e+01
-1.756521739130434767e+01,2.066115702479338978e+01
-1.739130434782608603e+01,2.082644628099173545e+01
-1.721739130434782439e+01,2.107438016528925573e+01
-1.704347826086956630e+01,2.128099173553718870e+01
-1.686956521739130466e+01,2.140495867768595062e+01
-1.669565217391304301e+01,2.169421487603305820e+01
-1.652173913043478137e+01,2.181818181818181657e+01
-1.634782608695652328e+01,2.214876033057851146e+01
-1.617391304347826164e+01,2.223140495867768607e+01
-1.600000000000000000e+01,2.247933884297520635e+01
-1.582608695652173836e+01,2.268595041322313932e+01
-1.565217391304347849e+01,2.280991735537190124e+01
-1.547826086956521685e+01,2.305785123966942152e+01
-1.530434782608695699e+01,2.322314049586776719e+01
-1.513043478260869534e+01,2.347107438016529102e+01
-1.495652173913043548e+01,2.367768595041322399e+01
-1.478260869565217384e+01,2.388429752066115697e+01
-1.460869565217391219e+01,2.404958677685950263e+01
-1.443478260869565233e+01,2.425619834710743916e+01
-1.426086956521739069e+01,2.438016528925619752e+01
-1.408695652173913082e+01,2.466942148760330511e+01
-1.391304347826086918e+01,2.483471074380165433e+01
-1.373913043478260931e+01,2.508264462809917461e+01
-1.356521739130434767e+01,2.524793388429752028e+01
-1.339130434782608781e+01,2.545454545454545325e+01
-1.321739130434782616e+01,2.557851239669421517e+01
-1.304347826086956452e+01,2.574380165289256084e+01
-1.286956521739130466e+01,2.599173553719008112e+01
-1.269565217391304301e+01,2.615702479338843034e+01
-1.252173913043478315e+01,2.640495867768595062e+01
-1.234782608695652151e+01,2.657024793388429629e+01
-1.217391304347826164e+01,2.673553719008264551e+01
-1.200000000000000000e+01,2.681818181818181657e+01
-1.182608695652173836e+01,2.714876033057851146e+01
-1.165217391304347849e+01,2.723140495867768607e+01
-1.147826086956521685e+01,2.747933884297520635e+01
-1.130434782608695699e+01,2.764462809917355202e+01
-1.113043478260869534e+01,2.780991735537190124e+01
-1.095652173913043548e+01,2.793388429752065960e+01
-1.078260869565217384e+01,2.809917355371900882e+01
-1.060869565217391219e+01,2.830578512396694180e+01
-1.043478260869565233e+01,2.847107438016529102e+01
-1.026086956521739069e+01,2.867768595041322399e+01
-1.008695652173913082e+01,2.880165289256198236e+01
-9.913043478260869179e+00,2.900826446280991888e+01
-9.739130434782609314e+00,2.913223140495867725e+01
-9.565217391304347672e+00,2.929752066115702647e+01
-9.391304347826087806e+00,2.942148760330578483e+01
-9.217391304347826164e+00,2.958677685950413050e+01
-9.043478260869564522e+00,2.975206611570247972e+01
-8.869565217391304657e+00,2.991735537190082539e+01
-8.695652173913043015e+00,3.000000000000000000e+01
-8.521739130434783149e+00,3.024793388429752028e+01
-8.347826086956521507e+00,3.033057851239669489e+01
-8.173913043478261642e+00,3.045454545454545325e+01
-8.000000000000000000e+00,3.066115702479338978e+01
-7.826086956521739246e+00,3.074380165289256084e+01
-7.652173913043478493e+00,3.086776859504132275e+01
-7.478260869565217739e+00,3.099173553719008112e+01
-7.304347826086956097e+00,3.119834710743801764e+01
-7.130434782608695343e+00,3.128099173553718870e+01
-6.956521739130434590e+00,3.140495867768595062e+01
-6.782608695652173836e+00,3.152892561983470898e+01
-6.608695652173913082e+00,3.165289256198347090e+01
-6.434782608695652328e+00,3.169421487603305820e+01
-6.260869565217391575e+00,3.185950413223140387e+01
-6.086956521739130821e+00,3.194214876033057848e+01
-5.913043478260869179e+00,3.210743801652892415e+01
-5.739130434782608425e+00,3.223140495867768607e+01
-5.565217391304347672e+00,3.227272727272727337e+01
-5.391304347826086918e+00,3.239669421487603529e+01
-5.217391304347826164e+00,3.247933884297520990e+01
-5.043478260869565410e+00,3.256198347107437741e+01
-4.869565217391304657e+00,3.264462809917355202e+01
-4.695652173913043903e+00,3.276859504132231393e+01
-4.521739130434782261e+00,3.280991735537190124e+01
-4.347826086956521507e+00,3.289256198347107585e+01
-4.173913043478260754e+00,3.297520661157025046e+01
-4.000000000000000000e+00,3.305785123966941796e+01
-3.826086956521739246e+00,3.314049586776859257e+01
-3.652173913043478048e+00,3.322314049586776719e+01
-3.478260869565217295e+00,3.330578512396694180e+01
-3.304347826086956541e+00,3.330578512396694180e+01
-3.130434782608695787e+00,3.338842975206611641e+01
-2.956521739130434590e+00,3.342975206611570371e+01
-2.782608695652173836e+00,3.351239669421487832e+01
-2.608695652173913082e+00,3.351239669421487832e+01
-2.434782608695652328e+00,3.359504132231405293e+01
-2.260869565217391131e+00,3.363636363636363313e+01
-2.086956521739130377e+00,3.367768595041322044e+01
-1.913043478260869623e+00,3.371900826446280774e+01
-1.739130434782608647e+00,3.376033057851239505e+01
-1.565217391304347894e+00,3.376033057851239505e+01
-1.391304347826086918e+00,3.384297520661156966e+01
-1.217391304347826164e+00,3.384297520661156966e+01
-1.043478260869565188e+00,3.384297520661156966e+01
-8.695652173913043237e-01,3.384297520661156966e+01
-6.956521739130434590e-01,3.384297520661156966e+01
-5.217391304347825942e-01,3.388429752066115697e+01
-3.478260869565217295e-01,3.392561983471074427e+01
-1.739130434782608647e-01,3.388429752066115697e+01
0.000000000000000000e+00,3.388429752066115697e+01
1.739130434782608647e-01,3.388429752066115697e+01
3.478260869565217295e-01,3.388429752066115697e+01
5.217391304347825942e-01,3.388429752066115697e+01
6.956521739130434590e-01,3.384297520661156966e+01
8.695652173913043237e-01,3.384297520661156966e+01
1.043478260869565188e+00,3.384297520661156966e+01
1.217391304347826164e+00,3.384297520661156966e+01
1.391304347826086918e+00,3.376033057851239505e+01
1.565217391304347894e+00,3.376033057851239505e+01
1.739130434782608647e+00,3.376033057851239505e+01
1.913043478260869623e+00,3.367768595041322044e+01
2.086956521739130377e+00,3.363636363636363313e+01
2.260869565217391131e+00,3.359504132231405293e+01
2.434782608695652328e+00,3.359504132231405293e+01
2.608695652173913082e+00,3.351239669421487832e+01
2.782608695652173836e+00,3.347107438016529102e+01
2.956521739130434590e+00,3.342975206611570371e+01
3.130434782608695787e+00,3.334710743801652910e+01
3.304347826086956541e+00,3.330578512396694180e+01
3.478260869565217295e+00,3.322314049586776719e+01
3.652173913043478048e+00,3.318181818181817988e+01
3.826086956521739246e+00,3.309917355371900527e+01
4.000000000000000000e+00,3.301652892561983776e+01
4.173913043478260754e+00,3.297520661157025046e+01
4.347826086956521507e+00,3.289256198347107585e+01
4.521739130434782261e+00,3.280991735537190124e+01
4.695652173913043903e+00,3.272727272727272663e+01
4.869565217391304657e+00,3.264462809917355202e+01
5.043478260869565410e+00,3.247933884297520990e+01
5.217391304347826164e+00,3.243801652892562259e+01
5.391304347826086918e+00,3.231404958677686068e+01
5.565217391304347672e+00,3.223140495867768607e+01
5.739130434782608425e+00,3.210743801652892415e+01
5.913043478260869179e+00,3.202479338842974954e+01
6.086956521739130821e+00,3.190082644628099118e+01
6.260869565217391575e+00,3.177685950413223281e+01
6.434782608695652328e+00,3.169421487603305820e+01
6.608695652173913082e+00,3.161157024793388359e+01
6.782608695652173836e+00,3.144628099173553792e+01
6.956521739130434590e+00,3.132231404958677601e+01
7.130434782608695343e+00,3.123966942148760495e+01
7.304347826086956097e+00,3.103305785123966842e+01
7.478260869565217739e+00,3.095041322314049737e+01
7.652173913043478493e+00,3.078512396694214814e+01
7.826086956521739246e+00,3.070247933884297353e+01
8.000000000000000000e+00,3.057851239669421517e+01
8.173913043478261642e+00,3.041322314049586950e+01
8.347826086956521507e+00,3.024793388429752028e+01
8.521739130434783149e+00,3.008264462809917461e+01
8.695652173913043015e+00,2.995867768595041269e+01
8.869565217391304657e+00,2.983471074380165433e+01
9.043478260869564522e+00,2.966942148760330511e+01
9.217391304347826164e+00,2.950413223140495944e+01
9.391304347826087806e+00,2.933884297520661022e+01
9.565217391304347672e+00,2.917355371900826455e+01
9.739130434782609314e+00,2.909090909090908994e+01
9.913043478260869179e+00,2.884297520661156966e+01
1.008695652173913082e+01,2.876033057851239505e+01
1.026086956521739069e+01,2.855371900826446208e+01
1.043478260869565233e+01,2.838842975206611641e+01
1.060869565217391219e+01,2.822314049586776719e+01
1.078260869565217384e+01,2.801652892561983421e+01
1.095652173913043548e+01,2.789256198347107585e+01
1.113043478260869534e+01,2.772727272727272663e+01
1.130434782608695699e+01,2.756198347107438096e+01
1.147826086956521685e+01,2.735537190082644798e+01
1.165217391304347849e+01,2.723140495867768607e+01
1.182608695652173836e+01,2.698347107438016579e+01
1.200000000000000000e+01,2.681818181818181657e+01
1.217391304347826164e+01,2.665289256198347090e+01
1.234782608695652151e+01,2.648760330578512523e+01
1.252173913043478315e+01,2.623966942148760495e+01
1.269565217391304301e+01,2.607438016528925573e+01
1.286956521739130466e+01,2.590909090909091006e+01
1.304347826086956452e+01,2.566115702479338978e+01
1.321739130434782616e+01,2.553719008264462786e+01
1.339130434782608781e+01,2.537190082644628220e+01
1.356521739130434767e+01,2.512396694214876192e+01
1.373913043478260931e+01,2.491735537190082539e+01
1.391304347826086918e+01,2.475206611570247972e+01
1.408695652173913082e+01,2.454545454545454675e+01
1.426086956521739069e+01,2.438016528925619752e+01
1.443478260869565233e+01,2.417355371900826455e+01
1.460869565217391219e+01,2.400826446280991888e+01
1.478260869565217384e+01,2.371900826446281130e+01
1.495652173913043548e+01,2.359504132231404938e+01
1.513043478260869534e+01,2.330578512396694180e+01
1.530434782608695699e+01,2.314049586776859613e+01
1.547826086956521685e+01,2.297520661157024691e+01
1.565217391304347849e+01,2.276859504132231393e+01
1.582608695652173836e+01,2.256198347107438096e+01
1.600000000000000000e+01,2.235537190082644798e+01
1.617391304347826164e+01,2.214876033057851146e+01
1.634782608695652328e+01,2.190082644628099118e+01
1.652173913043478137e+01,2.173553719008264551e+01
1.669565217391304301e+01,2.152892561983470898e+01
1.686956521739130466e+01,2.140495867768595062e+01
1.704347826086956630e+01,2.111570247933884303e+01
1.721739130434782439e+01,2.095041322314049737e+01
1.739130434782608603e+01,2.074380165289256084e+01
1.756521739130434767e+01,2.053719008264462786e+01
1.773913043478260931e+01,2.028925619834710758e+01
1.791304347826087096e+01,2.016528925619834567e+01
1.808695652173912904e+01,2.000000000000000000e+01
1.826086956521739069e+01,1.971074380165289242e+01
1.843478260869565233e+01,1.954545454545454675e+01
1.860869565217391397e+01,1.938016528925619752e+01
1.878260869565217561e+01,1.909090909090908994e+01
1.895652173913043370e+01,1.892561983471074427e+01
1.913043478260869534e+01,1.876033057851239505e+01
1.930434782608695699e+01,1.851239669421487477e+01
1.947826086956521863e+01,1.834710743801652910e+01
1.965217391304347672e+01,1.809917355371900882e+01
1.982608695652173836e+01,1.793388429752065960e+01
2.000000000000000000e+01,1.772727272727272663e+01
2.017391304347826164e+01,1.752066115702479365e+01
2.034782608695652328e+01,1.731404958677686068e+01
2.052173913043478137e+01,1.710743801652892415e+01
2.069565217391304301e+01,1.694214876033057848e+01
2.086956521739130466e+01,1.673553719008264551e+01
2.104347826086956630e+01,1.652892561983470898e+01
2.121739130434782439e+01,1.632231404958677601e+01
2.139130434782608603e+01,1.611570247933884303e+01
2.156521739130434767e+01,1.590909090909090828e+01
2.173913043478260931e+01,1.574380165289256261e+01
2.191304347826087096e+01,1.553719008264462786e+01
2.208695652173912904e+01,1.541322314049586772e+01
2.226086956521739069e+01,1.516528925619834745e+01
2.243478260869565233e+01,1.500000000000000000e+01
2.260869565217391397e+01,1.475206611570247972e+01
2.278260869565217561e+01,1.458677685950413228e+01
2.295652173913043370e+01,1.438016528925619752e+01
2.313043478260869534e+01,1.425619834710743739e+01
2.330434782608695699e+01,1.400826446280991711e+01
2.347826086956521863e+01,1.384297520661156966e+01
2.365217391304347672e+01,1.367768595041322399e+01
2.382608695652173836e+01,1.347107438016528924e+01
2.400000000000000000e+01,1.334710743801652910e+01
2.417391304347826164e+01,1.318181818181818166e+01
2.434782608695652328e+01,1.301652892561983421e+01
2.452173913043478137e+01,1.276859504132231393e+01
2.469565217391304301e+01,1.264462809917355379e+01
2.486956521739130466e+01,1.239669421487603351e+01
2.504347826086956630e+01,1.227272727272727337e+01
2.521739130434782439e+01,1.206611570247933862e+01
2.539130434782608603e+01,1.190082644628099118e+01
2.556521739130434767e+01,1.177685950413223104e+01
2.573913043478260931e+01,1.157024793388429806e+01
2.591304347826087096e+01,1.144628099173553792e+01
2.608695652173912904e+01,1.119834710743801587e+01
2.626086956521739069e+01,1.107438016528925573e+01
2.643478260869565233e+01,1.090909090909090828e+01
2.660869565217391397e+01,1.078512396694214814e+01
2.678260869565217561e+01,1.057851239669421517e+01
2.695652173913043370e+01,1.045454545454545503e+01
2.713043478260869534e+01,1.024793388429752028e+01
2.730434782608695699e+01,1.016528925619834745e+01
2.747826086956521863e+01,9.917355371900827166e+00
2.765217391304347672e+01,9.834710743801652555e+00
2.782608695652173836e+01,9.669421487603305110e+00
2.800000000000000000e+01,9.504132231404959441e+00
2.817391304347826164e+01,9.338842975206611996e+00
2.834782608695652328e+01,9.173553719008264551e+00
2.852173913043478137e+01,9.090909090909091717e+00
2.869565217391304301e+01,8.925619834710744271e+00
2.886956521739130466e+01,8.760330578512396826e+00
2.904347826086956630e+01,8.636363636363636687e+00
2.921739130434782439e+01,8.512396694214876547e+00
2.939130434782608603e+01,8.347107438016529102e+00
2.956521739130434767e+01,8.223140495867768962e+00
2.973913043478260931e+01,8.057851239669421517e+00
2.991304347826087096e+01,7.975206611570247794e+00
3.008695652173912904e+01,7.809917355371901238e+00
3.026086956521739069e+01,7.685950413223140210e+00
3.043478260869565233e+01,7.561983471074380070e+00
3.060869565217391397e+01,7.396694214876032625e+00
3.078260869565217561e+01,7.314049586776859790e+00
3.095652173913043370e+01,7.148760330578512345e+00
3.113043478260869534e+01,7.066115702479338623e+00
3.130434782608695699e+01,6.900826446280992066e+00
3.147826086956521863e+01,6.776859504132231038e+00
3.165217391304347672e+01,6.652892561983470898e+00
3.182608695652173836e+01,6.570247933884297176e+00
3.200000000000000000e+01,6.487603305785124341e+00
3.217391304347825809e+01,6.322314049586776896e+00
3.234782608695652328e+01,6.157024793388429451e+00
3.252173913043478137e+01,6.115702479338843034e+00
3.269565217391304657e+01,5.991735537190082894e+00
3.286956521739130466e+01,5.867768595041322754e+00
3.304347826086956275e+01,5.785123966942149032e+00
3.321739130434782794e+01,5.661157024793388004e+00
3.339130434782608603e+01,5.578512396694215170e+00
3.356521739130435122e+01,5.454545454545454142e+00
3.373913043478260931e+01,5.330578512396694002e+00
3.391304347826086740e+01,5.247933884297520279e+00
3.408695652173913260e+01,5.123966942148760140e+00
3.426086956521739069e+01,5.041322314049586417e+00
3.443478260869564878e+01,4.958677685950413583e+00
3.460869565217391397e+01,4.834710743801652555e+00
3.478260869565217206e+01,4.793388429752066138e+00
3.495652173913043725e+01,4.669421487603305998e+00
3.513043478260869534e+01,4.586776859504132275e+00
3.530434782608695343e+01,4.462809917355372136e+00
3.547826086956521863e+01,4.380165289256198413e+00
3.565217391304347672e+01,4.338842975206611996e+00
3.582608695652174191e+01,4.214876033057850968e+00
3.600000000000000000e+01,4.173553719008264551e+00
3.617391304347825809e+01,4.049586776859504411e+00
3.634782608695652328e+01,3.966942148760330689e+00
3.652173913043478137e+01,3.884297520661156966e+00
3.669565217391304657e+01,3.842975206611570105e+00
3.686956521739130466e+01,3.719008264462809965e+00
3.704347826086956275e+01,3.677685950413223104e+00
3.721739130434782794e+01,3.595041322314049381e+00
3.739130434782608603e+01,3.553719008264462964e+00
3.756521739130435122e+01,3.429752066115702380e+00
3.773913043478260931e+01,3.388429752066115519e+00
3.791304347826086740e+01,3.305785123966942241e+00
3.808695652173913260e+01,3.223140495867768518e+00
3.826086956521739069e+01,3.140495867768595240e+00
3.843478260869564878e+01,3.140495867768595240e+00
3.860869565217391397e+01,3.057851239669421517e+00
3.878260869565217206e+01,2.975206611570247794e+00
3.895652173913043725e+01,2.892561983471074516e+00
3.913043478260869534e+01,2.809917355371900793e+00
3.930434782608695343e+01,2.809917355371900793e+00
3.947826086956521863e+01,2.685950413223140654e+00
3.965217391304347672e+01,2.685950413223140654e+00
3.982608695652174191e+01,2.603305785123966931e+00
4.000000000000000000e+01,2.561983471074380070e+00
4.017391304347825809e+01,2.479338842975206791e+00
4.034782608695652328e+01,2.438016528925619930e+00
4.052173913043478137e+01,2.355371900826446208e+00
4.069565217391304657e+01,2.314049586776859346e+00
4.086956521739130466e+01,2.272727272727272929e+00
4.104347826086956275e+01,2.231404958677686068e+00
4.121739130434782794e+01,2.190082644628099207e+00
4.139130434782608603e+01,2.107438016528925484e+00
4.156521739130435122e+01,2.024793388429752206e+00
4.173913043478260931e+01,2.024793388429752206e+00
4.191304347826086740e+01,1.983471074380165344e+00
4.208695652173913260e+01,1.942148760330578483e+00
4.226086956521739069e+01,1.900826446280991844e+00
4.243478260869564878e+01,1.859504132231404983e+00
4.260869565217391397e+01,1.776859504132231482e+00
4.278260869565217206e+01,1.776859504132231482e+00
4.295652173913043725e+01,1.735537190082644621e+00
4.313043478260869534e+01,1.694214876033057759e+00
4.330434782608695343e+01,1.611570247933884259e+00
4.347826086956521863e+01,1.611570247933884259e+00
4.365217391304347672e+01,1.528925619834710758e+00
4.382608695652174191e+01,1.528925619834710758e+00
4.400000000000000000e+01,1.446280991735537258e+00
4.417391304347825809e+01,1.446280991735537258e+00
4.434782608695652328e+01,1.446280991735537258e+00
4.452173913043478137e+01,1.363636363636363535e+00
4.469565217391304657e+01,1.363636363636363535e+00
4.486956521739130466e+01,1.280991735537190035e+00
4.504347826086956275e+01,1.280991735537190035e+00
4.521739130434782794e+01,1.239669421487603396e+00
4.539130434782608603e+01,1.198347107438016534e+00
4.556521739130435122e+01,1.198347107438016534e+00
4.573913043478260931e+01,1.198347107438016534e+00
4.591304347826086740e+01,1.115702479338843034e+00
4.608695652173913260e+01,1.115702479338843034e+00
4.626086956521739069e+01,1.033057851239669311e+00
4.643478260869564878e+01,1.033057851239669311e+00
4.660869565217391397e+01,1.033057851239669311e+00
4.678260869565217206e+01,9.504132231404959219e-01
4.695652173913043725e+01,9.504132231404959219e-01
4.713043478260869534e+01,9.504132231404959219e-01
4.730434782608695343e+01,9.504132231404959219e-01
4.747826086956521863e+01,9.090909090909090606e-01
4.765217391304347672e+01,8.677685950413223104e-01
4.782608695652174191e+01,8.677685950413223104e-01
4.800000000000000000e+01,8.264462809917355601e-01
4.817391304347825809e+01,7.851239669421488099e-01
4.834782608695652328e+01,7.851239669421488099e-01
4.852173913043478137e+01,7.851239669421488099e-01
4.869565217391304657e+01,7.438016528925619486e-01
4.886956521739130466e+01,7.024793388429751984e-01
4.904347826086956275e+01,7.024793388429751984e-01
4.921739130434782794e+01,7.024793388429751984e-01
4.939130434782608603e+01,6.611570247933884481e-01
4.956521739130435122e+01,6.198347107438016979e-01
4.973913043478260931e+01,6.198347107438016979e-01
4.991304347826086740e+01,4.132231404958677801e-01
